datetime,date,time,top10,real_animals,hit,hit_animals,top1,top1_probability,top10_max_probability,top10_min_probability
2026-08-12 13:00:00,2026-08-12,13:00,"alacran,jirafa,ciempies,caballo,pescado,gallo,mono,zorro,pavo,gato","ardilla,gato",True,gato,alacran,0.028488095291835918,0.028488095291835918,0.02736643876628705
2026-08-12 14:00:00,2026-08-12,14:00,"alacran,jirafa,gallo,delfin,ciempies,zorro,mono,toro,leon,burro","chivo,ciempies",True,ciempies,alacran,0.028874786971042992,0.028874786971042992,0.02741014169340201
2026-08-12 15:00:00,2026-08-12,15:00,"jirafa,caballo,gallo,mono,gallina,leon,delfin,pescado,zorro,pavo","leon,perico",True,leon,jirafa,0.027968755922518466,0.027968755922518466,0.027412409057487947
2026-08-12 16:00:00,2026-08-12,16:00,"jirafa,caballo,delfin,toro,pescado,gallo,gallina,mono,burro,zorro","culebra,delfin",True,delfin,jirafa,0.028095870915930965,0.028095870915930965,0.027575993617911142
2026-08-12 17:00:00,2026-08-12,17:00,"alacran,gallina,raton,pavo,pescado,burro,gallo,zorro,toro,caballo","carnero,perro",False,,alacran,0.028982790790848076,0.028982790790848076,0.027534209536813306
2026-08-12 18:00:00,2026-08-12,18:00,"alacran,gallina,jirafa,raton,pavo,burro,gallo,pescado,zorro,elefante","delfin,gallo",True,gallo,alacran,0.028746920315418742,0.028746920315418742,0.027368049532350704
2026-08-12 19:00:00,2026-08-12,19:00,"alacran,gallina,raton,jirafa,pavo,zorro,toro,burro,pescado,elefante","carnero,iguana",False,,alacran,0.02869744122565159,0.02869744122565159,0.02748327652331523
2026-08-13 08:00:00,2026-08-13,08:00,"alacran,raton,jirafa,pavo,burro,elefante,zorro,vaca,oso,pescado","caballo,camello",False,,alacran,0.028943536231001963,0.028943536231001963,0.027475923225014895
2026-08-13 09:00:00,2026-08-13,09:00,"alacran,gallina,raton,pavo,burro,oso,caiman,elefante,lapa,jirafa","ciempies,jirafa",True,jirafa,alacran,0.02901984175682393,0.02901984175682393,0.0275581968235298
2026-08-13 10:00:00,2026-08-13,10:00,"gallina,raton,burro,oso,elefante,pescado,caiman,lapa,pavo,cochino","jirafa,zamuro",False,,gallina,0.028732465247051715,0.028732465247051715,0.027529026153608988
2026-08-13 11:00:00,2026-08-13,11:00,"alacran,gallina,raton,oso,caiman,lapa,cochino,pavo,pescado,burro","carnero,cochino",True,cochino,alacran,0.029040483967727005,0.029040483967727005,0.027561810000347714
2026-08-13 12:00:00,2026-08-13,12:00,"alacran,gallina,oso,caiman,aguila,pavo,lapa,raton,pescado,vaca","paloma,vaca",True,vaca,alacran,0.028777527021115808,0.028777527021115808,0.027606950813414566
2026-08-13 13:00:00,2026-08-13,13:00,"alacran,oso,raton,aguila,caiman,lapa,elefante,ardilla,pavo,rana","culebra,rana",True,rana,alacran,0.028519520074823952,0.028519520074823952,0.027706836093232858
2026-08-13 14:00:00,2026-08-13,14:00,"gallina,alacran,oso,aguila,raton,lapa,ardilla,elefante,pavo,caiman","burro,paloma",False,,gallina,0.028672963271019692,0.028672963271019692,0.0276727902025722
2026-08-13 15:00:00,2026-08-13,15:00,"gallina,alacran,oso,aguila,raton,ardilla,lapa,elefante,tigre,caiman","rana,venado",False,,gallina,0.02891701860222569,0.02891701860222569,0.027588980739887508
2026-08-13 16:00:00,2026-08-13,16:00,"aguila,alacran,oso,ardilla,raton,caiman,gallina,lapa,tigre,chivo","cochino,zorro",False,,aguila,0.028323849438227782,0.028323849438227782,0.02744610768331771
2026-08-13 17:00:00,2026-08-13,17:00,"alacran,aguila,ardilla,raton,lapa,caiman,tigre,elefante,mono,gato","leon,vaca",False,,alacran,0.028472242642909016,0.028472242642909016,0.027474580222592252
2026-08-13 18:00:00,2026-08-13,18:00,"ardilla,raton,oso,lapa,aguila,caiman,chivo,elefante,pavo,gallo","aguila,alacran",True,aguila,ardilla,0.028346587258221836,0.028346587258221836,0.02743734209616756
2026-08-13 19:00:00,2026-08-13,19:00,"ardilla,oso,caiman,gallina,lapa,chivo,carnero,gallo,gato,elefante","burro,chivo",True,chivo,ardilla,0.028405172764805794,0.028405172764805794,0.027461044465841748
2026-08-14 08:00:00,2026-08-14,08:00,"raton,ardilla,carnero,oso,lapa,caiman,gallina,ciempies,tigre,delfin","rana,zorro",False,,raton,0.028110430034719646,0.028110430034719646,0.02725215371310173
2026-08-14 09:00:00,2026-08-14,09:00,"carnero,ardilla,caiman,raton,delfin,ciempies,lapa,gallo,pavo,tigre","carnero,perico",True,carnero,carnero,0.028204058652065784,0.028204058652065784,0.027383887749388026
2026-08-14 10:00:00,2026-08-14,10:00,"ardilla,caiman,gallina,ciempies,oso,pescado,gallo,lapa,gato,pavo","gallo,pescado",True,"gallo,pescado",ardilla,0.0280186032575356,0.0280186032575356,0.027486352331046553
2026-08-14 11:00:00,2026-08-14,11:00,"delfin,ciempies,gallina,raton,caiman,jirafa,lapa,perro,iguana,pavo","caballo,toro",False,,delfin,0.028025492256151602,0.028025492256151602,0.02760122280239701
2026-08-14 12:00:00,2026-08-14,12:00,"jirafa,raton,delfin,ardilla,gallina,oso,lapa,iguana,caiman,perro","alacran,chivo",False,,jirafa,0.02798077243145943,0.02798077243145943,0.0275971492931023
2026-08-14 13:00:00,2026-08-14,13:00,"jirafa,raton,delfin,gallina,ardilla,gato,perro,iguana,caiman,lapa","pavo,vaca",False,,jirafa,0.027979050293950595,0.027979050293950595,0.027536001576587647
2026-08-14 14:00:00,2026-08-14,14:00,"jirafa,delfin,raton,ciempies,ardilla,gato,culebra,lapa,iguana,caiman","cochino,jirafa",True,jirafa,jirafa,0.028305291041983083,0.028305291041983083,0.02735714303815541
2026-08-14 15:00:00,2026-08-14,15:00,"delfin,gallina,raton,ciempies,iguana,paloma,carnero,perro,oso,gato","rana,zamuro",False,,delfin,0.028024348231330303,0.028024348231330303,0.027377612478135485
2026-08-14 16:00:00,2026-08-14,16:00,"delfin,carnero,raton,iguana,culebra,gallina,caiman,ciempies,aguila,paloma","ardilla,lapa",False,,delfin,0.028286607848794113,0.028286607848794113,0.027482395077556843
2026-08-14 17:00:00,2026-08-14,17:00,"carnero,delfin,raton,gallina,iguana,ciempies,aguila,paloma,culebra,oso","caballo,gato",False,,carnero,0.02829538426114299,0.02829538426114299,0.02751556825466625
2026-08-14 18:00:00,2026-08-14,18:00,"carnero,raton,delfin,gallina,paloma,iguana,ciempies,oso,aguila,burro","caballo,pavo",False,,carnero,0.0283542614926728,0.0283542614926728,0.027450564772363004
2026-08-14 19:00:00,2026-08-14,19:00,"carnero,gallina,delfin,raton,iguana,paloma,ciempies,cebra,venado,leon","alacran,jirafa",False,,carnero,0.028175146371853334,0.028175146371853334,0.02733136575276384
2026-08-15 08:00:00,2026-08-15,08:00,"carnero,raton,gallina,iguana,burro,paloma,camello,delfin,aguila,oso","lapa,zorro",False,,carnero,0.028385697918126857,0.028385697918126857,0.027400135508489284
2026-08-15 09:00:00,2026-08-15,09:00,"carnero,burro,raton,leon,ciempies,venado,camello,aguila,cochino,chivo","burro,lapa",True,burro,carnero,0.028086891931210146,0.028086891931210146,0.0274744091778671
2026-08-15 10:00:00,2026-08-15,10:00,"carnero,ciempies,cochino,gallina,raton,paloma,aguila,leon,venado,oso","delfin,vaca",False,,carnero,0.02836935675646429,0.02836935675646429,0.027301470967584174
2026-08-15 11:00:00,2026-08-15,11:00,"cochino,rana,paloma,venado,chivo,raton,iguana,aguila,culebra,oso","culebra,venado",True,"culebra,venado",cochino,0.02806272946821296,0.02806272946821296,0.02747765591124301
2026-08-15 12:00:00,2026-08-15,12:00,"carnero,cochino,rana,chivo,paloma,aguila,oso,gallina,caiman,iguana","pavo,zorro",False,,carnero,0.0285969366908125,0.0285969366908125,0.02739933401465575
2026-08-15 13:00:00,2026-08-15,13:00,"rana,chivo,carnero,cochino,aguila,caiman,iguana,leon,ciempies,elefante","caiman,toro",True,caiman,rana,0.028507191770614317,0.028507191770614317,0.027259879112047213
2026-08-15 14:00:00,2026-08-15,14:00,"rana,chivo,cochino,aguila,gallina,leon,paloma,perico,gallo,oso","pavo,raton",False,,rana,0.0287431978524578,0.0287431978524578,0.02749078970383463
2026-08-15 15:00:00,2026-08-15,15:00,"rana,carnero,chivo,cochino,gallina,paloma,leon,iguana,caballo,gallo","cebra,pescado",False,,rana,0.028566756209075426,0.028566756209075426,0.027524092704637116
2026-08-15 16:00:00,2026-08-15,16:00,"carnero,rana,chivo,cochino,aguila,caballo,gallo,gallina,leon,perico","leon,pavo",True,leon,carnero,0.028702495537618975,0.028702495537618975,0.027443261610285794
2026-08-15 17:00:00,2026-08-15,17:00,"carnero,chivo,cochino,aguila,caballo,ardilla,iguana,gallo,ciempies,perico","alacran,chivo",True,chivo,carnero,0.028804779965702253,0.028804779965702253,0.02752088228187064
2026-08-15 18:00:00,2026-08-15,18:00,"carnero,rana,caballo,aguila,gallo,oso,perico,ardilla,jirafa,iguana","ballena,rana",True,rana,carnero,0.028555533984486577,0.028555533984486577,0.027493364185563637
2026-08-15 19:00:00,2026-08-15,19:00,"carnero,caballo,cochino,ardilla,gallo,iguana,aguila,oso,ciempies,paloma","ballena,gallo",True,gallo,carnero,0.028632115786114225,0.028632115786114225,0.027418600083297873
2026-08-16 08:00:00,2026-08-16,08:00,"carnero,caballo,jirafa,ardilla,vaca,oso,perico,ciempies,aguila,elefante","jirafa,zamuro",True,jirafa,carnero,0.028799620448736775,0.028799620448736775,0.027352671827608362
2026-08-16 09:00:00,2026-08-16,09:00,"carnero,caballo,cochino,ardilla,lapa,vaca,oso,perico,ciempies,paloma","gato,oso",True,oso,carnero,0.028626643451216138,0.028626643451216138,0.027402449528488408
2026-08-16 10:00:00,2026-08-16,10:00,"carnero,cochino,ardilla,vaca,perico,ciempies,lapa,delfin,burro,aguila",gallo,False,,carnero,0.028979302975248346,0.028979302975248346,0.02746539481758381
2026-08-16 11:00:00,2026-08-16,11:00,"carnero,caballo,vaca,lapa,delfin,ciempies,burro,venado,perico,ardilla","raton,zorro",False,,carnero,0.028506611408841975,0.028506611408841975,0.0272700447515659
2026-08-16 12:00:00,2026-08-16,12:00,"carnero,caballo,vaca,cochino,lapa,ardilla,pavo,venado,delfin,burro","gato,rana",False,,carnero,0.028715796743353252,0.028715796743353252,0.02764353286525186
2026-08-16 13:00:00,2026-08-16,13:00,"carnero,vaca,cochino,lapa,ardilla,pavo,delfin,burro,venado,ciempies","carnero,tigre",True,carnero,carnero,0.028194804816898768,0.028194804816898768,0.027468239758258642
2026-08-16 14:00:00,2026-08-16,14:00,"caballo,vaca,pavo,lapa,cochino,burro,ardilla,perico,culebra,ciempies","mono,vaca",True,vaca,caballo,0.028299320924426077,0.028299320924426077,0.02752726427614034
2026-08-16 15:00:00,2026-08-16,15:00,"pavo,lapa,cochino,burro,alacran,delfin,ardilla,culebra,venado,caballo","leon,vaca",False,,pavo,0.028297449250506278,0.028297449250506278,0.02749724935246179
2026-08-16 16:00:00,2026-08-16,16:00,"caballo,pavo,lapa,delfin,cochino,burro,culebra,venado,ardilla,chivo","cebra,zamuro",False,,caballo,0.028802892535507503,0.028802892535507503,0.027524833651690457
2026-08-16 17:00:00,2026-08-16,17:00,"pavo,caballo,lapa,alacran,delfin,burro,cochino,ardilla,culebra,jirafa","ballena,zorro",False,,pavo,0.02863285377151718,0.02863285377151718,0.027543624340937947
2026-08-16 18:00:00,2026-08-16,18:00,"pavo,caballo,lapa,alacran,jirafa,burro,toro,cochino,venado,chivo","cebra,perico",False,,pavo,0.028956800972296203,0.028956800972296203,0.027510502326847992
2026-08-16 19:00:00,2026-08-16,19:00,"pavo,caballo,lapa,alacran,jirafa,burro,cochino,delfin,venado,chivo","carnero,lapa",True,lapa,pavo,0.028897836164180516,0.028897836164180516,0.027502408630660963
2026-08-17 08:00:00,2026-08-17,08:00,"pavo,alacran,jirafa,venado,burro,caballo,chivo,cochino,culebra,camello","aguila,pescado",False,,pavo,0.02891310004285983,0.02891310004285983,0.027396963126297334
2026-08-17 09:00:00,2026-08-17,09:00,"pavo,burro,jirafa,alacran,caballo,chivo,cochino,delfin,caiman,rana","burro,jirafa",True,"burro,jirafa",pavo,0.02903304578752274,0.02903304578752274,0.02754575765201403
2026-08-17 10:00:00,2026-08-17,10:00,"alacran,pavo,caballo,rana,gallo,cochino,delfin,toro,caiman,ardilla","cebra,tigre",False,,alacran,0.028014906099754447,0.028014906099754447,0.027307493987255644
2026-08-17 11:00:00,2026-08-17,11:00,"pavo,rana,alacran,gallo,venado,cochino,chivo,delfin,culebra,toro","gallina,vaca",False,,pavo,0.029080510653652254,0.029080510653652254,0.027630998382061095
2026-08-17 12:00:00,2026-08-17,12:00,"pavo,rana,gallo,venado,alacran,chivo,culebra,caiman,cochino,gato","culebra,venado",True,"culebra,venado",pavo,0.02915669185228089,0.02915669185228089,0.027529990230028126
2026-08-17 13:00:00,2026-08-17,13:00,"pavo,rana,gallo,chivo,alacran,toro,gato,cochino,caiman,caballo","alacran,chivo",True,"alacran,chivo",pavo,0.02895972043993156,0.02895972043993156,0.027563019779901658
2026-08-17 14:00:00,2026-08-17,14:00,"pavo,rana,gallo,gato,toro,raton,caballo,zorro,caiman,zamuro","gallina,gallo",True,gallo,pavo,0.02866891079620282,0.02866891079620282,0.027346619878439966
2026-08-17 15:00:00,2026-08-17,15:00,"pavo,rana,gato,caballo,raton,leon,zamuro,ballena,toro,paloma","gallo,zamuro",True,zamuro,pavo,0.028804971165149903,0.028804971165149903,0.027263593457165752
2026-08-17 16:00:00,2026-08-17,16:00,"rana,pavo,zorro,caballo,gato,leon,toro,ballena,delfin,caiman","caballo,caiman",True,"caballo,caiman",rana,0.02841546105276824,0.02841546105276824,0.027229727823207577
2026-08-17 17:00:00,2026-08-17,17:00,"pavo,rana,zorro,ballena,raton,cochino,oso,ardilla,leon,toro","gato,tigre",False,,pavo,0.028392390745986797,0.028392390745986797,0.027229387309261385
2026-08-17 18:00:00,2026-08-17,18:00,"zorro,pavo,rana,ballena,toro,lapa,jirafa,raton,oso,cochino","ballena,chivo",True,ballena,zorro,0.0283237252790935,0.0283237252790935,0.027362546915469434
2026-08-17 19:00:00,2026-08-17,19:00,"rana,zorro,pavo,vaca,leon,raton,lapa,oso,cebra,toro","chivo,toro",True,toro,rana,0.028218299588731042,0.028218299588731042,0.02728496085518911
2026-08-18 08:00:00,2026-08-18,08:00,"zorro,pavo,rana,jirafa,lapa,cebra,raton,oso,ardilla,leon","elefante,pescado",False,,zorro,0.028498413966765397,0.028498413966765397,0.0272343823749058
2026-08-18 09:00:00,2026-08-18,09:00,"zorro,pavo,rana,jirafa,lapa,vaca,cebra,carnero,gallo,leon","carnero,gallo",True,"carnero,gallo",zorro,0.028579446602725378,0.028579446602725378,0.027571765186423586
2026-08-18 10:00:00,2026-08-18,10:00,"zorro,pavo,rana,lapa,vaca,cebra,raton,jirafa,ardilla,oso","jirafa,perro",True,jirafa,zorro,0.028376282556235487,0.028376282556235487,0.02743626801894119
2026-08-18 11:00:00,2026-08-18,11:00,"zorro,pavo,cebra,lapa,rana,raton,mono,delfin,perico,leon","caballo,delfin",True,delfin,zorro,0.028227769962784394,0.028227769962784394,0.027458389188028603
2026-08-18 12:00:00,2026-08-18,12:00,"vaca,cebra,zorro,pavo,lapa,rana,raton,leon,zamuro,perico","jirafa,rana",True,rana,vaca,0.02857540779772443,0.02857540779772443,0.02726899483121932
2026-08-18 13:00:00,2026-08-18,13:00,"vaca,cebra,zorro,pavo,lapa,zamuro,alacran,gallina,mono,tigre","chivo,gallina",True,gallina,vaca,0.028694606858598162,0.028694606858598162,0.027253498057332747
2026-08-18 14:00:00,2026-08-18,14:00,"cebra,pavo,lapa,zamuro,alacran,leon,tigre,perico,mono,raton","leon,venado",True,leon,cebra,0.028471016229892104,0.028471016229892104,0.02738640938065494
2026-08-18 15:00:00,2026-08-18,15:00,"vaca,cebra,pavo,zorro,lapa,zamuro,mono,gallo,burro,raton","elefante,rana",False,,vaca,0.028958698089682367,0.028958698089682367,0.027395197308965176
2026-08-18 16:00:00,2026-08-18,16:00,"cebra,vaca,zorro,lapa,gallo,pavo,ballena,burro,tigre,aguila","chivo,mono",False,,cebra,0.028791125025872756,0.028791125025872756,0.027463346655985342
2026-08-18 17:00:00,2026-08-18,17:00,"cebra,lapa,zorro,vaca,pavo,zamuro,gallo,alacran,ballena,gato","elefante,gallina",False,,cebra,0.028582843482994863,0.028582843482994863,0.027571539245488972
2026-08-18 18:00:00,2026-08-18,18:00,"lapa,cebra,gallo,pavo,ballena,alacran,tigre,burro,perico,aguila","aguila,oso",True,aguila,lapa,0.028487828625622737,0.028487828625622737,0.027499892783290642
2026-08-18 19:00:00,2026-08-18,19:00,"cebra,gallo,vaca,lapa,gato,zamuro,alacran,ballena,burro,caiman","cochino,lapa",True,lapa,cebra,0.028763074667513343,0.028763074667513343,0.027390228427351063
2026-08-19 08:00:00,2026-08-19,08:00,"cebra,vaca,zorro,pavo,tigre,alacran,ballena,zamuro,burro,carnero","delfin,oso",False,,cebra,0.02842650497565251,0.02842650497565251,0.027585506496706873
2026-08-19 09:00:00,2026-08-19,09:00,"gallo,cebra,vaca,tigre,alacran,zamuro,burro,caiman,gato,culebra","ciempies,lapa",False,,gallo,0.0286797064993842,0.0286797064993842,0.027518439917871534
2026-08-19 10:00:00,2026-08-19,10:00,"gallo,cebra,zorro,vaca,ballena,zamuro,tigre,pavo,burro,gato","gato,paloma",True,gato,gallo,0.028755657405485552,0.028755657405485552,0.027556869031770966
2026-08-19 11:00:00,2026-08-19,11:00,"gallo,cebra,vaca,ballena,zamuro,pavo,carnero,culebra,alacran,caiman","leon,vaca",True,vaca,gallo,0.029038273775828252,0.029038273775828252,0.027544944494023903
2026-08-19 12:00:00,2026-08-19,12:00,"gallo,cebra,ballena,pavo,zorro,zamuro,carnero,caiman,chivo,pescado","camello,carnero",True,carnero,gallo,0.029230710449967907,0.029230710449967907,0.027690176409058197
2026-08-19 13:00:00,2026-08-19,13:00,"chivo,ballena,zorro,gallo,tigre,pavo,caiman,zamuro,pescado,raton","jirafa,rana",False,,chivo,0.028147665304364283,0.028147665304364283,0.02758781483730934
2026-08-19 14:00:00,2026-08-19,14:00,"gallo,chivo,ballena,zorro,zamuro,cebra,tigre,pavo,alacran,pescado","ballena,zorro",True,"ballena,zorro",gallo,0.029311981839279355,0.029311981839279355,0.02770787925485039
2026-08-19 15:00:00,2026-08-19,15:00,"gallo,chivo,zamuro,tigre,cebra,caballo,pescado,toro,caiman,alacran",oso,False,,gallo,0.02954130179079018,0.02954130179079018,0.027565551793857637
2026-08-19 16:00:00,2026-08-19,16:00,"gallo,chivo,cebra,zamuro,tigre,caballo,caiman,toro,raton,venado","culebra,jirafa",False,,gallo,0.029189449282319424,0.029189449282319424,0.027290754222037337
2026-08-19 17:00:00,2026-08-19,17:00,"chivo,gallo,cebra,caballo,tigre,pescado,zamuro,elefante,caiman,gallina","camello,perro",False,,chivo,0.028890440138267984,0.028890440138267984,0.027387867957991217
2026-08-19 18:00:00,2026-08-19,18:00,"chivo,tigre,elefante,gallo,toro,gallina,caballo,pescado,venado,alacran","camello,lapa",False,,chivo,0.029178799416231017,0.029178799416231017,0.02738594560905644
2026-08-19 19:00:00,2026-08-19,19:00,"chivo,gallina,elefante,gallo,pescado,zamuro,caballo,venado,tigre,toro","ciempies,leon",False,,chivo,0.029212066782371253,0.029212066782371253,0.02729671528962611
2026-08-20 08:00:00,2026-08-20,08:00,"chivo,gallo,elefante,cebra,gallina,venado,pescado,zamuro,caballo,mono","aguila,leon",False,,chivo,0.0288338756365175,0.0288338756365175,0.02732951688926975
2026-08-20 09:00:00,2026-08-20,09:00,"gallo,chivo,elefante,gallina,cebra,zamuro,venado,caballo,pescado,delfin","burro,carnero",False,,gallo,0.02874631640151728,0.02874631640151728,0.0274562352678902
2026-08-20 10:00:00,2026-08-20,10:00,"gallo,gallina,elefante,cebra,zamuro,caballo,venado,tigre,pescado,gato","burro,paloma",False,,gallo,0.02852888245385498,0.02852888245385498,0.02744364258669174
2026-08-20 11:00:00,2026-08-20,11:00,"gallo,gallina,cebra,elefante,rana,venado,delfin,tigre,gato,vaca","ballena,pavo",False,,gallo,0.02848315178220537,0.02848315178220537,0.027542926174472702
2026-08-20 12:00:00,2026-08-20,12:00,"chivo,gallo,gallina,elefante,cebra,rana,venado,vaca,tigre,mono","leon,tigre",True,tigre,chivo,0.028779526814828166,0.028779526814828166,0.027512712287655672
2026-08-20 13:00:00,2026-08-20,13:00,"chivo,gallina,elefante,cebra,gallo,venado,vaca,mono,delfin,toro","oso,venado",True,venado,chivo,0.028877625734181345,0.028877625734181345,0.02749131159592425
2026-08-20 14:00:00,2026-08-20,14:00,"chivo,gallina,elefante,rana,vaca,gallo,cebra,mono,gato,delfin","perro,zorro",False,,chivo,0.028680493752828665,0.028680493752828665,0.027596990900274298
2026-08-20 15:00:00,2026-08-20,15:00,"chivo,elefante,gallo,cebra,rana,mono,caballo,lapa,gato,delfin","gallo,vaca",True,gallo,chivo,0.02859731969911561,0.02859731969911561,0.027487074744142324
2026-08-20 16:00:00,2026-08-20,16:00,"chivo,elefante,rana,cebra,lapa,delfin,mono,caballo,jirafa,pescado","culebra,perico",False,,chivo,0.028604710597116403,0.028604710597116403,0.027607210926038926
2026-08-20 17:00:00,2026-08-20,17:00,"chivo,lapa,gallina,elefante,cebra,delfin,gato,caballo,mono,zamuro","aguila,pavo",False,,chivo,0.028591419544227697,0.028591419544227697,0.02741156129908596
2026-08-20 18:00:00,2026-08-20,18:00,"chivo,lapa,jirafa,gallina,elefante,cebra,rana,delfin,caballo,toro","cebra,lapa",True,"cebra,lapa",chivo,0.02847364195123039,0.02847364195123039,0.027308521190068644
2026-08-20 19:00:00,2026-08-20,19:00,"chivo,jirafa,gallina,rana,elefante,delfin,gato,pescado,caballo,oso","rana,zamuro",True,rana,chivo,0.028467119722500826,0.028467119722500826,0.02744040803124094
2026-08-21 08:00:00,2026-08-21,08:00,"jirafa,chivo,camello,gallina,carnero,oso,delfin,pescado,ciempies,gato","elefante,venado",False,,jirafa,0.028622119708661145,0.028622119708661145,0.027310531938685285
2026-08-21 09:00:00,2026-08-21,09:00,"chivo,camello,oso,gallina,leon,delfin,carnero,ciempies,gato,ballena","ardilla,pavo",False,,chivo,0.028529523056439646,0.028529523056439646,0.027521102344172182
2026-08-21 10:00:00,2026-08-21,10:00,"jirafa,chivo,camello,gallina,leon,carnero,ciempies,gato,ballena,delfin","gato,pavo",True,gato,jirafa,0.028703887695934096,0.028703887695934096,0.02746110115925962
2026-08-21 11:00:00,2026-08-21,11:00,"jirafa,leon,chivo,camello,gallina,carnero,ballena,delfin,ciempies,paloma","gallina,paloma",True,"gallina,paloma",jirafa,0.02872346674209212,0.02872346674209212,0.02717571391206512
2026-08-21 12:00:00,2026-08-21,12:00,"jirafa,leon,oso,chivo,camello,carnero,ballena,delfin,ciempies,tigre","burro,cebra",False,,jirafa,0.02862599291125809,0.02862599291125809,0.027336332219967275
2026-08-21 13:00:00,2026-08-21,13:00,"jirafa,oso,leon,carnero,ballena,delfin,ciempies,caballo,gallo,toro","aguila,raton",False,,jirafa,0.028522425347748143,0.028522425347748143,0.02723979762667664
2026-08-21 14:00:00,2026-08-21,14:00,"oso,jirafa,leon,chivo,camello,ballena,carnero,gallo,zorro,delfin","gallina,gallo",True,gallo,oso,0.0286441445141541,0.0286441445141541,0.0274374779585432
2026-08-21 15:00:00,2026-08-21,15:00,"leon,oso,chivo,jirafa,ballena,carnero,perro,caballo,lapa,ciempies","alacran,ballena",True,ballena,leon,0.028858591770402613,0.028858591770402613,0.027363550428922887
2026-08-21 16:00:00,2026-08-21,16:00,"oso,camello,jirafa,chivo,carnero,perro,lapa,caballo,tigre,zorro","oso,perro",True,"oso,perro",oso,0.028742142955929667,0.028742142955929667,0.027212106327667098
2026-08-21 17:00:00,2026-08-21,17:00,"leon,jirafa,camello,chivo,carnero,lapa,ciempies,caballo,delfin,tigre","camello,cochino",True,camello,leon,0.028568204516684566,0.028568204516684566,0.027355248216378757
2026-08-21 18:00:00,2026-08-21,18:00,"leon,jirafa,lapa,carnero,ciempies,tigre,zorro,caballo,delfin,rana","alacran,zamuro",False,,leon,0.028846565414467007,0.028846565414467007,0.027343885238955288
2026-08-21 19:00:00,2026-08-21,19:00,"chivo,lapa,carnero,jirafa,zorro,rana,delfin,leon,vaca,tigre","ardilla,camello",False,,chivo,0.02804876012102625,0.02804876012102625,0.027346887858115322
2026-08-22 08:00:00,2026-08-22,08:00,"leon,chivo,carnero,jirafa,elefante,rana,zorro,ciempies,vaca,venado","carnero,delfin",True,carnero,leon,0.028850972903590684,0.028850972903590684,0.02757881174760387
2026-08-22 09:00:00,2026-08-22,09:00,"leon,lapa,jirafa,elefante,chivo,pavo,rana,zorro,venado,vaca","burro,ciempies",False,,leon,0.028673848320062843,0.028673848320062843,0.027344391276703624
2026-08-22 10:00:00,2026-08-22,10:00,"leon,lapa,jirafa,elefante,rana,zorro,venado,vaca,culebra,aguila","ballena,venado",True,venado,leon,0.028258389663171696,0.028258389663171696,0.02728794157453686
2026-08-22 11:00:00,2026-08-22,11:00,"leon,pavo,lapa,rana,zorro,elefante,vaca,aguila,gallina,oso","alacran,pavo",True,pavo,leon,0.02836004043707553,0.02836004043707553,0.027343938657548316
2026-08-22 12:00:00,2026-08-22,12:00,"jirafa,lapa,rana,aguila,zorro,elefante,vaca,chivo,cebra,culebra","oso,pescado",False,,jirafa,0.028123022660463206,0.028123022660463206,0.02736199852509517
2026-08-22 13:00:00,2026-08-22,13:00,"leon,rana,lapa,elefante,aguila,gallina,jirafa,chivo,cebra,vaca","gato,vaca",True,vaca,leon,0.028323755501593936,0.028323755501593936,0.02760189352649263
2026-08-22 14:00:00,2026-08-22,14:00,"rana,lapa,leon,aguila,zorro,elefante,jirafa,culebra,perico,cebra","elefante,paloma",True,elefante,rana,0.028176738076670746,0.028176738076670746,0.02757144730396576
2026-08-22 15:00:00,2026-08-22,15:00,"leon,lapa,gallina,aguila,rana,cebra,chivo,culebra,gallo,perro","paloma,vaca",False,,leon,0.0282145237266467,0.0282145237266467,0.02746685170037854
2026-08-22 16:00:00,2026-08-22,16:00,"aguila,lapa,rana,leon,cebra,culebra,gallo,camello,perico,jirafa","leon,perro",True,leon,aguila,0.028313755884274535,0.028313755884274535,0.02738506405338882
2026-08-22 17:00:00,2026-08-22,17:00,"lapa,aguila,gallina,cebra,camello,zorro,culebra,jirafa,perico,chivo","aguila,pavo",True,aguila,lapa,0.028390382172592238,0.028390382172592238,0.027377755334150287
2026-08-22 18:00:00,2026-08-22,18:00,"lapa,camello,gallina,cebra,jirafa,rana,zorro,gallo,chivo,perico","leon,zamuro",False,,lapa,0.028402530151251226,0.028402530151251226,0.02730409193656541
2026-08-22 19:00:00,2026-08-22,19:00,"cebra,lapa,gallina,camello,zorro,oso,gallo,ardilla,jirafa,cochino","gallina,perro",True,gallina,cebra,0.028269438646741217,0.028269438646741217,0.02738170275199439
2026-08-23 08:00:00,2026-08-23,08:00,"camello,lapa,oso,rana,cebra,ardilla,jirafa,venado,carnero,burro","aguila,alacran",False,,camello,0.028449168358546814,0.028449168358546814,0.027435250760435115
2026-08-23 09:00:00,2026-08-23,09:00,"camello,lapa,oso,burro,ardilla,cebra,ballena,zorro,jirafa,venado","elefante,raton",False,,camello,0.028523728359924113,0.028523728359924113,0.02741498399285867
2026-08-23 10:00:00,2026-08-23,10:00,"camello,oso,ardilla,burro,lapa,cebra,carnero,ballena,zorro,gallo","caiman,perico",False,,camello,0.028760871212578414,0.028760871212578414,0.027622091256217424
2026-08-23 11:00:00,2026-08-23,11:00,"camello,oso,burro,ballena,cebra,carnero,gallo,ciempies,zorro,jirafa","ballena,iguana",True,ballena,camello,0.02852848713810497,0.02852848713810497,0.027509338386033512
2026-08-23 12:00:00,2026-08-23,12:00,"camello,oso,burro,carnero,gallo,venado,ardilla,jirafa,zorro,lapa","pescado,zorro",True,zorro,camello,0.028676525703001894,0.028676525703001894,0.027538476323334907
2026-08-23 13:00:00,2026-08-23,13:00,"camello,burro,cebra,carnero,rana,gallo,jirafa,lapa,ciempies,cochino","cebra,cochino",True,"cebra,cochino",camello,0.02896903071215904,0.02896903071215904,0.02751996740707934
2026-08-23 14:00:00,2026-08-23,14:00,"oso,carnero,burro,venado,ardilla,jirafa,rana,perro,lapa,camello","cochino,zorro",False,,oso,0.028479504923989575,0.028479504923989575,0.02750877304353427
2026-08-23 15:00:00,2026-08-23,15:00,"camello,burro,perro,venado,pavo,carnero,rana,ardilla,lapa,ciempies","alacran,oso",False,,camello,0.028551162423636756,0.028551162423636756,0.02747362907544118
2026-08-23 16:00:00,2026-08-23,16:00,"camello,burro,perro,venado,carnero,ardilla,gallo,lapa,delfin,culebra","camello,toro",True,camello,camello,0.028591561759811944,0.028591561759811944,0.027593909608762422
2026-08-23 17:00:00,2026-08-23,17:00,"pavo,perro,burro,ardilla,venado,lapa,paloma,gato,delfin,zamuro","gato,leon",True,gato,pavo,0.028306508893178168,0.028306508893178168,0.027413660095743905
2026-08-23 18:00:00,2026-08-23,18:00,"pavo,burro,venado,paloma,perro,ardilla,ciempies,carnero,lapa,vaca","culebra,gallina",False,,pavo,0.02855106138861293,0.02855106138861293,0.027725473306686847
2026-08-23 19:00:00,2026-08-23,19:00,"pavo,perro,burro,paloma,venado,ardilla,carnero,zamuro,ciempies,gallo","cebra,elefante",False,,pavo,0.028555179586686023,0.028555179586686023,0.027661001969309644
2026-08-24 08:00:00,2026-08-24,08:00,"pavo,venado,vaca,burro,paloma,aguila,carnero,ardilla,perro,ciempies","gallina,gato",False,,pavo,0.028927049125545803,0.028927049125545803,0.027750606086373416
2026-08-24 09:00:00,2026-08-24,09:00,"pavo,burro,paloma,venado,perro,aguila,ciempies,carnero,ballena,zamuro","carnero,delfin",True,carnero,pavo,0.02896016116360286,0.02896016116360286,0.02763973230075115
2026-08-24 10:00:00,2026-08-24,10:00,"pavo,burro,paloma,perro,aguila,vaca,venado,zamuro,ciempies,ardilla","alacran,zamuro",True,zamuro,pavo,0.02888482285368253,0.02888482285368253,0.02752075748968433
2026-08-24 11:00:00,2026-08-24,11:00,"pavo,venado,paloma,vaca,ballena,burro,aguila,gallo,lapa,ardilla","aguila,pescado",True,aguila,pavo,0.028983214327883353,0.028983214327883353,0.0273544599221001
2026-08-24 12:00:00,2026-08-24,12:00,"pavo,paloma,perro,vaca,burro,gallo,ballena,perico,lapa,rana","leon,perico",True,perico,pavo,0.029206191085131374,0.029206191085131374,0.02731537255323754
2026-08-24 13:00:00,2026-08-24,13:00,"pavo,perro,vaca,paloma,venado,ardilla,ballena,oso,gallo,burro","ardilla,camello",True,ardilla,pavo,0.02871392784341247,0.02871392784341247,0.02736989670319338
2026-08-24 14:00:00,2026-08-24,14:00,"perro,pavo,vaca,paloma,venado,ballena,raton,oso,burro,rana","elefante,pavo",True,pavo,perro,0.028411848053393307,0.028411848053393307,0.02733262463257894
2026-08-24 15:00:00,2026-08-24,15:00,"perro,paloma,vaca,venado,gallo,ballena,rana,iguana,zorro,lapa","caballo,paloma",True,paloma,perro,0.02852806885744449,0.02852806885744449,0.027252812492259672
2026-08-24 16:00:00,2026-08-24,16:00,"perro,vaca,gallo,ballena,venado,raton,cochino,caiman,rana,burro","elefante,gato",False,,perro,0.028496684429694618,0.028496684429694618,0.02731460278545587
2026-08-24 17:00:00,2026-08-24,17:00,"perro,ballena,vaca,oso,cochino,gallo,venado,zorro,lapa,iguana","jirafa,zorro",True,zorro,perro,0.02809007709296159,0.02809007709296159,0.02742381572680944
2026-08-24 18:00:00,2026-08-24,18:00,"ballena,alacran,cochino,perro,raton,aguila,cebra,caiman,burro,lapa","aguila,zorro",True,aguila,ballena,0.027811727245980453,0.027811727245980453,0.027423515272064478
2026-08-24 19:00:00,2026-08-24,19:00,"cebra,cochino,alacran,perro,ballena,venado,iguana,zamuro,vaca,caiman","burro,leon",False,,cebra,0.02795168535398395,0.02795168535398395,0.027385065380385768
2026-08-25 08:00:00,2026-08-25,08:00,"cebra,gallina,ballena,oso,cochino,venado,raton,vaca,perro,iguana","ballena,venado",True,"ballena,venado",cebra,0.028072607549810922,0.028072607549810922,0.027502602396560865
2026-08-25 09:00:00,2026-08-25,09:00,"alacran,cochino,oso,gallina,cebra,caiman,raton,iguana,zamuro,camello","aguila,caiman",True,caiman,alacran,0.028454330204675513,0.028454330204675513,0.027352519134947857
2026-08-25 10:00:00,2026-08-25,10:00,"alacran,gallina,cochino,cebra,oso,pescado,camello,iguana,zamuro,carnero","caballo,paloma",False,,alacran,0.028295274124126735,0.028295274124126735,0.027338271590666
2026-08-25 11:00:00,2026-08-25,11:00,"alacran,cochino,gallina,cebra,oso,pescado,iguana,camello,perro,delfin","delfin,pescado",True,"delfin,pescado",alacran,0.02830836824242855,0.02830836824242855,0.027388012118307468
2026-08-25 12:00:00,2026-08-25,12:00,"alacran,cebra,gallina,cochino,camello,iguana,zamuro,toro,vaca,pavo","carnero,leon",False,,alacran,0.028445807923737226,0.028445807923737226,0.027422307498182617
2026-08-25 13:00:00,2026-08-25,13:00,"gallina,cochino,cebra,camello,oso,perro,gato,raton,zamuro,vaca","caballo,cochino",True,cochino,gallina,0.028449083804205723,0.028449083804205723,0.02734448499736169
2026-08-25 14:00:00,2026-08-25,14:00,"alacran,gallina,cebra,oso,camello,zamuro,perro,elefante,vaca,raton","delfin,venado",False,,alacran,0.028702543320275296,0.028702543320275296,0.027374500485510413
2026-08-25 15:00:00,2026-08-25,15:00,"alacran,gallina,camello,oso,gato,elefante,zamuro,perro,cebra,vaca","perro,zorro",True,perro,alacran,0.028914567288180038,0.028914567288180038,0.02745694133525694
2026-08-25 16:00:00,2026-08-25,16:00,"alacran,camello,gato,elefante,cebra,toro,ardilla,gallo,culebra,pavo","cebra,zamuro",True,cebra,alacran,0.02873556864814912,0.02873556864814912,0.027371031182782474
2026-08-25 17:00:00,2026-08-25,17:00,"alacran,gato,gallina,oso,pavo,ardilla,vaca,perico,toro,ciempies","perico,raton",True,perico,alacran,0.028592452587138672,0.028592452587138672,0.027287301189617207
2026-08-25 18:00:00,2026-08-25,18:00,"alacran,camello,gato,gallina,oso,pavo,ardilla,leon,vaca,toro","gallo,raton",False,,alacran,0.028390824858175755,0.028390824858175755,0.027320603113154703
2026-08-25 19:00:00,2026-08-25,19:00,"gallina,alacran,gato,leon,pavo,ardilla,paloma,oso,vaca,pescado","cebra,gallina",True,gallina,gallina,0.028484003724881475,0.028484003724881475,0.027360496592222366
2026-08-26 08:00:00,2026-08-26,08:00,"elefante,alacran,aguila,gato,leon,pavo,ardilla,paloma,pescado,oso","cochino,lapa",False,,elefante,0.029075232210596796,0.029075232210596796,0.027455851953720918
2026-08-26 09:00:00,2026-08-26,09:00,"elefante,leon,gato,alacran,aguila,camello,pavo,paloma,pescado,ballena","caiman,mono",False,,elefante,0.02856390640064826,0.02856390640064826,0.027444012303731637
2026-08-26 10:00:00,2026-08-26,10:00,"leon,aguila,alacran,pescado,pavo,gato,camello,ardilla,carnero,elefante","camello,gallina",True,camello,leon,0.02846326669242249,0.02846326669242249,0.02749606120656459
2026-08-26 11:00:00,2026-08-26,11:00,"leon,elefante,aguila,alacran,pescado,pavo,paloma,gato,ballena,oso","caballo,zorro",False,,leon,0.028726338421426263,0.028726338421426263,0.027416725157258827
2026-08-26 12:00:00,2026-08-26,12:00,"aguila,leon,elefante,pavo,pescado,alacran,ballena,ardilla,vaca,jirafa","culebra,vaca",True,vaca,aguila,0.02871883728288865,0.02871883728288865,0.027425345164365553
2026-08-26 13:00:00,2026-08-26,13:00,"elefante,leon,aguila,gato,paloma,pavo,alacran,pescado,ardilla,oso","ardilla,cebra",True,ardilla,elefante,0.02889075962268676,0.02889075962268676,0.027534579557811873
2026-08-26 14:00:00,2026-08-26,14:00,"elefante,leon,aguila,paloma,gato,pavo,alacran,oso,jirafa,ballena","ballena,chivo",True,ballena,elefante,0.028795920064896428,0.028795920064896428,0.027407784405680907
2026-08-26 15:00:00,2026-08-26,15:00,"elefante,leon,paloma,aguila,gato,alacran,pavo,pescado,carnero,iguana","gallo,tigre",False,,elefante,0.028831348221384882,0.028831348221384882,0.027337157392255007
2026-08-26 16:00:00,2026-08-26,16:00,"elefante,paloma,pescado,delfin,carnero,aguila,alacran,venado,perro,zamuro","gato,zamuro",True,zamuro,elefante,0.02855654202364641,0.02855654202364641,0.027376340084322152
2026-08-26 17:00:00,2026-08-26,17:00,"aguila,leon,paloma,carnero,delfin,alacran,pescado,venado,jirafa,cochino","ballena,caiman",False,,aguila,0.028742882604548197,0.028742882604548197,0.027433539918755457
2026-08-26 18:00:00,2026-08-26,18:00,"leon,aguila,zorro,pescado,alacran,venado,jirafa,paloma,cochino,carnero","gato,paloma",True,paloma,leon,0.028925549077015316,0.028925549077015316,0.027517206488895385
2026-08-26 19:00:00,2026-08-26,19:00,"leon,aguila,delfin,cochino,pescado,gallina,elefante,venado,carnero,alacran","burro,carnero",True,carnero,leon,0.028817777710228726,0.028817777710228726,0.027427634856303795
2026-08-27 08:00:00,2026-08-27,08:00,"leon,aguila,venado,elefante,zorro,cochino,pescado,gallina,alacran,caballo","perro,vaca",False,,leon,0.028757588308076693,0.028757588308076693,0.02764665244007004
2026-08-27 09:00:00,2026-08-27,09:00,"delfin,leon,cochino,aguila,zorro,caballo,elefante,venado,pescado,perico","ballena,caiman",False,,delfin,0.0282475901520876,0.0282475901520876,0.027625704470872717
2026-08-27 10:00:00,2026-08-27,10:00,"zorro,aguila,cochino,pescado,caballo,leon,gallina,cebra,perico,alacran","ardilla,camello",False,,zorro,0.028082263704112084,0.028082263704112084,0.027630297129103427
2026-08-27 11:00:00,2026-08-27,11:00,"delfin,zorro,cochino,caballo,leon,gallina,raton,perico,elefante,venado","ardilla,gallina",True,gallina,delfin,0.028356948639093573,0.028356948639093573,0.02762982327083889
2026-08-27 12:00:00,2026-08-27,12:00,"cebra,delfin,cochino,leon,perico,venado,caballo,raton,aguila,elefante","delfin,pavo",True,delfin,cebra,0.028552039988900272,0.028552039988900272,0.02758140485250326
2026-08-27 13:00:00,2026-08-27,13:00,"zorro,cebra,cochino,leon,caballo,raton,elefante,venado,perico,aguila","caballo,vaca",True,caballo,zorro,0.028634388545456555,0.028634388545456555,0.02742549829990655
2026-08-27 14:00:00,2026-08-27,14:00,"zorro,cebra,cochino,raton,leon,venado,perico,elefante,aguila,pescado","delfin,pavo",False,,zorro,0.028934221200856324,0.028934221200856324,0.02747159439047334
2026-08-27 15:00:00,2026-08-27,15:00,"cebra,zorro,cochino,leon,raton,elefante,venado,zamuro,aguila,perico","perico,rana",True,perico,cebra,0.028836854384853887,0.028836854384853887,0.0273762274759645
2026-08-27 16:00:00,2026-08-27,16:00,"zorro,cebra,cochino,aguila,zamuro,elefante,caiman,gallo,culebra,pescado","camello,chivo",False,,zorro,0.028716865358464058,0.028716865358464058,0.027225136320507718
2026-08-27 17:00:00,2026-08-27,17:00,"zorro,raton,caiman,elefante,gato,zamuro,aguila,leon,lapa,alacran","carnero,zamuro",True,zamuro,zorro,0.02815468511876294,0.02815468511876294,0.027268801719062742
2026-08-27 18:00:00,2026-08-27,18:00,"cebra,zorro,caiman,raton,leon,gallo,aguila,gato,ballena,cochino","chivo,ciempies",False,,cebra,0.02836447852821853,0.02836447852821853,0.027516341860324183
2026-08-27 19:00:00,2026-08-27,19:00,"cebra,zorro,caiman,gallina,gato,leon,gallo,ballena,elefante,raton","chivo,gallo",True,gallo,cebra,0.028758082378562286,0.028758082378562286,0.027535646187377485
2026-08-28 08:00:00,2026-08-28,08:00,"cebra,zorro,caiman,elefante,ballena,gallina,aguila,venado,leon,gato","aguila,cochino",True,aguila,cebra,0.028592818954819348,0.028592818954819348,0.027433652005308756
2026-08-28 09:00:00,2026-08-28,09:00,"caiman,zorro,ballena,cebra,elefante,gato,leon,paloma,lapa,gallina","delfin,mono",False,,caiman,0.028465175628370844,0.028465175628370844,0.02743057686287395
2026-08-28 10:00:00,2026-08-28,10:00,"caiman,zorro,cebra,gato,gallina,elefante,leon,ardilla,pescado,venado","cebra,mono",True,cebra,caiman,0.028324543932590422,0.028324543932590422,0.02731630644896619
2026-08-28 11:00:00,2026-08-28,11:00,"ballena,zorro,caiman,gato,leon,venado,gallina,vaca,ardilla,pescado","iguana,perico",False,,ballena,0.028370220834155396,0.028370220834155396,0.02733349334888789
2026-08-28 12:00:00,2026-08-28,12:00,"zorro,ballena,caiman,ardilla,gato,vaca,caballo,paloma,leon,venado","gallo,tigre",False,,zorro,0.028416142902670697,0.028416142902670697,0.027573828558887903
2026-08-28 13:00:00,2026-08-28,13:00,"ballena,caiman,ardilla,zorro,caballo,vaca,paloma,elefante,gallina,venado","alacran,gato",False,,ballena,0.02859822222178053,0.02859822222178053,0.0274792550493169
2026-08-28 14:00:00,2026-08-28,14:00,"ballena,caiman,ardilla,zorro,paloma,vaca,elefante,venado,burro,gallina","elefante,raton",True,elefante,ballena,0.028698680057439786,0.028698680057439786,0.02747197004070459
2026-08-28 15:00:00,2026-08-28,15:00,"ballena,caballo,zorro,paloma,ardilla,vaca,gallina,camello,leon,venado","culebra,rana",False,,ballena,0.028863038740881603,0.028863038740881603,0.02758562369312089
2026-08-28 16:00:00,2026-08-28,16:00,"caiman,caballo,zorro,vaca,ardilla,paloma,carnero,zamuro,delfin,gallina","jirafa,perro",False,,caiman,0.02879435234987968,0.02879435234987968,0.02751444800480323
2026-08-28 17:00:00,2026-08-28,17:00,"caiman,ballena,caballo,ardilla,zorro,carnero,paloma,delfin,gallina,chivo","mono,oso",False,,caiman,0.02873163327498162,0.02873163327498162,0.027590966587192033
2026-08-28 18:00:00,2026-08-28,18:00,"caiman,ballena,vaca,ardilla,delfin,chivo,camello,carnero,gallina,burro","aguila,tigre",False,,caiman,0.02883258308724549,0.02883258308724549,0.027670677723245652
2026-08-28 19:00:00,2026-08-28,19:00,"delfin,ardilla,caiman,vaca,caballo,zorro,chivo,ballena,carnero,gallina","culebra,rana",False,,delfin,0.028338702216996407,0.028338702216996407,0.027979669091346582
2026-08-29 08:00:00,2026-08-29,08:00,"vaca,delfin,chivo,ardilla,caiman,carnero,camello,caballo,zorro,pavo","paloma,perro",False,,vaca,0.028515600997361355,0.028515600997361355,0.02781988533728136
2026-08-29 09:00:00,2026-08-29,09:00,"delfin,caiman,ballena,chivo,ardilla,camello,caballo,gallina,pavo,carnero","elefante,venado",False,,delfin,0.028739945134904483,0.028739945134904483,0.02767710378728783
2026-08-29 10:00:00,2026-08-29,10:00,"delfin,chivo,ardilla,camello,ballena,caballo,gallina,carnero,pavo,vaca","gallina,iguana",True,gallina,delfin,0.02901392368861326,0.02901392368861326,0.027886679923155796
2026-08-29 11:00:00,2026-08-29,11:00,"delfin,chivo,ardilla,caballo,camello,carnero,pavo,caiman,zamuro,gallo","camello,pavo",True,"camello,pavo",delfin,0.02921642964732116,0.02921642964732116,0.02768416787124946
2026-08-29 12:00:00,2026-08-29,12:00,"delfin,chivo,ardilla,carnero,caballo,vaca,zamuro,perico,caiman,cochino","ciempies,gallo",False,,delfin,0.02913385901686905,0.02913385901686905,0.02757137989402199
2026-08-29 13:00:00,2026-08-29,13:00,"delfin,chivo,cebra,caballo,vaca,carnero,perico,caiman,ardilla,zamuro","cebra,perico",True,"cebra,perico",delfin,0.02927356879476605,0.02927356879476605,0.02772901931116124
2026-08-29 14:00:00,2026-08-29,14:00,"chivo,delfin,carnero,vaca,zamuro,caballo,cochino,mono,ardilla,zorro","tigre,toro",False,,chivo,0.028945059817966575,0.028945059817966575,0.02757711730601702
2026-08-29 15:00:00,2026-08-29,15:00,"chivo,delfin,mono,zamuro,cochino,caballo,ardilla,ballena,caiman,raton","camello,jirafa",False,,chivo,0.02926371195107599,0.02926371195107599,0.027581206787971626
2026-08-29 16:00:00,2026-08-29,16:00,"chivo,delfin,mono,zamuro,caiman,carnero,ardilla,cochino,vaca,gato","culebra,venado",False,,chivo,0.029142419065450523,0.029142419065450523,0.027561972534260626
2026-08-29 17:00:00,2026-08-29,17:00,"chivo,mono,carnero,zamuro,delfin,ardilla,gato,caiman,raton,vaca","delfin,gallo",True,delfin,chivo,0.029081565230500334,0.029081565230500334,0.02763484063702287
2026-08-29 18:00:00,2026-08-29,18:00,"chivo,mono,zamuro,caiman,ardilla,vaca,raton,caballo,gato,lapa","perro,vaca",True,vaca,chivo,0.02865768320658975,0.02865768320658975,0.027367593064063403
2026-08-29 19:00:00,2026-08-29,19:00,"chivo,mono,ardilla,gato,cochino,raton,caiman,ballena,carnero,caballo","caiman,camello",True,caiman,chivo,0.028641974254956473,0.028641974254956473,0.027477506518812082
2026-08-30 08:00:00,2026-08-30,08:00,"mono,chivo,ardilla,ballena,carnero,aguila,cochino,rana,gato,raton","elefante,oso",False,,mono,0.02836012791680358,0.02836012791680358,0.02748027171341448
2026-08-30 09:00:00,2026-08-30,09:00,"mono,chivo,ardilla,ballena,cochino,gato,rana,aguila,lapa,iguana","cebra,gallina",False,,mono,0.028698459836940256,0.028698459836940256,0.027455636606685888
2026-08-30 10:00:00,2026-08-30,10:00,"mono,ardilla,chivo,gato,rana,ballena,carnero,zamuro,caballo,alacran","cochino,paloma",False,,mono,0.0286290542441422,0.0286290542441422,0.027412953754917094
2026-08-30 11:00:00,2026-08-30,11:00,"rana,gato,ballena,iguana,carnero,ardilla,tigre,perico,zamuro,pavo","alacran,mono",False,,rana,0.02792901454738542,0.02792901454738542,0.027338712719559472
2026-08-30 12:00:00,2026-08-30,12:00,"rana,chivo,ardilla,gato,tigre,iguana,perico,aguila,carnero,ballena","raton,zamuro",False,,rana,0.027960977495010964,0.027960977495010964,0.02756592367257296
2026-08-30 13:00:00,2026-08-30,13:00,"rana,chivo,gato,tigre,ardilla,ballena,culebra,pavo,iguana,caballo","gallina,perro",False,,rana,0.02832423222266354,0.02832423222266354,0.02741062009078406
2026-08-30 14:00:00,2026-08-30,14:00,"rana,chivo,gato,ardilla,tigre,ballena,culebra,carnero,pavo,perico","tigre,toro",True,tigre,rana,0.02822106585775776,0.02822106585775776,0.02761898714218752
2026-08-30 15:00:00,2026-08-30,15:00,"rana,chivo,ardilla,ballena,pavo,iguana,gallo,culebra,camello,perico","alacran,cochino",False,,rana,0.028408220302697847,0.028408220302697847,0.0275509888579485
2026-08-30 16:00:00,2026-08-30,16:00,"rana,culebra,camello,aguila,delfin,gato,ballena,carnero,iguana,ardilla","camello,mono",True,camello,rana,0.028284071048229487,0.028284071048229487,0.027552494862550035
2026-08-30 17:00:00,2026-08-30,17:00,"chivo,rana,pavo,carnero,gato,ardilla,aguila,iguana,perico,delfin","camello,elefante",False,,chivo,0.02782172157475146,0.02782172157475146,0.027584068992932365
2026-08-30 18:00:00,2026-08-30,18:00,"pavo,chivo,rana,perico,aguila,iguana,delfin,ardilla,ciempies,carnero","gallo,zorro",False,,pavo,0.027937856641523307,0.027937856641523307,0.027626385799257653
2026-08-30 19:00:00,2026-08-30,19:00,"rana,chivo,iguana,pavo,delfin,venado,ardilla,aguila,carnero,perico","chivo,perico",True,"chivo,perico",rana,0.028029589352630967,0.028029589352630967,0.027648872191357525
2026-08-31 08:00:00,2026-08-31,08:00,"venado,pavo,iguana,delfin,carnero,vaca,culebra,ardilla,ciempies,jirafa","cebra,delfin",True,delfin,venado,0.02804474969478705,0.02804474969478705,0.027610164700110438
2026-08-31 09:00:00,2026-08-31,09:00,"pavo,venado,ciempies,ardilla,rana,jirafa,vaca,caiman,culebra,aguila","aguila,rana",True,"aguila,rana",pavo,0.02804462500095645,0.02804462500095645,0.027412949410657552
2026-08-31 10:00:00,2026-08-31,10:00,"pavo,ciempies,ardilla,venado,iguana,jirafa,vaca,culebra,carnero,caiman","paloma,vaca",True,vaca,pavo,0.028027966267062245,0.028027966267062245,0.027429520648625968
2026-08-31 11:00:00,2026-08-31,11:00,"pavo,iguana,ciempies,venado,culebra,jirafa,carnero,ardilla,oso,caiman","chivo,gato",False,,pavo,0.028145549229972016,0.028145549229972016,0.027553916363138604
2026-08-31 12:00:00,2026-08-31,12:00,"pavo,venado,jirafa,ardilla,ciempies,culebra,oso,iguana,carnero,caiman","oso,rana",True,oso,pavo,0.028188289000951734,0.028188289000951734,0.0273876619075804
2026-08-31 13:00:00,2026-08-31,13:00,"ciempies,tigre,jirafa,venado,culebra,perro,gallina,iguana,toro,cochino","cebra,delfin",False,,ciempies,0.02782471312945321,0.02782471312945321,0.027492025260423318
2026-08-31 14:00:00,2026-08-31,14:00,"tigre,culebra,perro,jirafa,venado,pavo,cochino,gallo,mono,gallina",leon,False,,tigre,0.02797420349584354,0.02797420349584354,0.027385988632435743
2026-08-31 15:00:00,2026-08-31,15:00,"perro,camello,culebra,mono,venado,gallina,gallo,iguana,jirafa,cochino","iguana,oso",True,iguana,perro,0.027977507502941253,0.027977507502941253,0.02759067259196189
2026-08-31 16:00:00,2026-08-31,16:00,"camello,perro,culebra,gallo,cochino,mono,venado,tigre,jirafa,elefante","ciempies,raton",False,,camello,0.028376618028999396,0.028376618028999396,0.0276893470549516
2026-08-31 17:00:00,2026-08-31,17:00,"camello,mono,gallo,perro,cochino,gallina,culebra,tigre,venado,caiman",burro,False,,camello,0.028456006242829235,0.028456006242829235,0.027532123915831267
2026-08-31 18:00:00,2026-08-31,18:00,"camello,gallo,mono,perro,elefante,cochino,tigre,gallina,alacran,toro","gallina,pavo",True,gallina,camello,0.028632415382220326,0.028632415382220326,0.02749549076444772
2026-08-31 19:00:00,2026-08-31,19:00,"camello,mono,perro,elefante,cochino,gallo,tigre,alacran,zamuro,toro","gato,perro",True,perro,camello,0.028678325171063584,0.028678325171063584,0.02744844884225647
2026-09-01 08:00:00,2026-09-01,08:00,"camello,mono,elefante,alacran,cochino,gallo,venado,jirafa,culebra,perico","pavo,perico",True,perico,camello,0.029034856723641467,0.029034856723641467,0.027378491873902955
2026-09-01 09:00:00,2026-09-01,09:00,"mono,camello,elefante,cochino,tigre,gallo,alacran,paloma,cebra,toro","mono,vaca",True,mono,mono,0.028705301069638416,0.028705301069638416,0.027427458813987997
2026-09-01 10:00:00,2026-09-01,10:00,"camello,cochino,alacran,elefante,tigre,gallo,cebra,zamuro,jirafa,culebra","iguana,paloma",False,,camello,0.028767012353176698,0.028767012353176698,0.027483380518428965
2026-09-01 11:00:00,2026-09-01,11:00,"camello,alacran,gallo,cochino,tigre,elefante,toro,venado,culebra,delfin","elefante,perico",True,elefante,camello,0.02855152215338454,0.02855152215338454,0.02745129693710834
2026-09-01 12:00:00,2026-09-01,12:00,"camello,tigre,gallo,alacran,cebra,toro,venado,cochino,jirafa,aguila","alacran,oso",True,alacran,camello,0.02888864333720041,0.02888864333720041,0.027495398384899176
2026-09-01 13:00:00,2026-09-01,13:00,"camello,tigre,gallo,rana,cebra,toro,cochino,chivo,delfin,jirafa","caiman,zamuro",False,,camello,0.02904573727959033,0.02904573727959033,0.027449959716233582
2026-09-01 14:00:00,2026-09-01,14:00,"camello,tigre,gallo,rana,cebra,delfin,cochino,toro,culebra,chivo","alacran,gallo",True,gallo,camello,0.028819423669052522,0.028819423669052522,0.027466257247332416
2026-09-01 15:00:00,2026-09-01,15:00,"rana,tigre,cebra,chivo,toro,delfin,culebra,aguila,venado,camello","delfin,raton",True,delfin,rana,0.028288025640087887,0.028288025640087887,0.02739454408548134
2026-09-01 16:00:00,2026-09-01,16:00,"camello,rana,cebra,cochino,chivo,culebra,tigre,venado,perro,zorro","gallina,vaca",False,,camello,0.02911749320439969,0.02911749320439969,0.027438015989947738
2026-09-01 17:00:00,2026-09-01,17:00,"camello,cebra,rana,chivo,aguila,tigre,culebra,jirafa,mono,venado","chivo,gallina",True,chivo,camello,0.029110244451350683,0.029110244451350683,0.027390092437808475
2026-09-01 18:00:00,2026-09-01,18:00,"camello,cebra,rana,aguila,tigre,jirafa,toro,leon,venado,perro","ciempies,jirafa",True,jirafa,camello,0.028654291641675243,0.028654291641675243,0.02744950468967554
2026-09-01 19:00:00,2026-09-01,19:00,"cebra,rana,camello,zorro,leon,aguila,paloma,perro,tigre,oso","cebra,oso",True,"cebra,oso",cebra,0.028677648549627913,0.028677648549627913,0.02737441188194671
2026-09-02 08:00:00,2026-09-02,08:00,"rana,venado,aguila,tigre,leon,paloma,perro,elefante,cochino,culebra","zamuro,zorro",False,,rana,0.028334622708253605,0.028334622708253605,0.02734546893812239
2026-09-02 09:00:00,2026-09-02,09:00,"camello,rana,leon,venado,tigre,burro,cochino,pavo,aguila,iguana","chivo,lapa",False,,camello,0.02846415772979655,0.02846415772979655,0.02741503583416291
2026-09-02 10:00:00,2026-09-02,10:00,"camello,rana,paloma,leon,perro,elefante,pavo,gato,iguana,venado","culebra,pavo",True,pavo,camello,0.02846290716885754,0.02846290716885754,0.0274631494375273
2026-09-02 11:00:00,2026-09-02,11:00,"camello,leon,iguana,rana,mono,venado,paloma,perro,elefante,perico","alacran,oso",False,,camello,0.028252249673115463,0.028252249673115463,0.027558893228117
2026-09-02 12:00:00,2026-09-02,12:00,"camello,iguana,rana,perico,toro,mono,gato,burro,perro,paloma",tigre,False,,camello,0.028437071724264285,0.028437071724264285,0.027573438703419367
2026-09-02 13:00:00,2026-09-02,13:00,"camello,rana,toro,elefante,perico,perro,mono,burro,delfin,iguana","perico,zamuro",True,perico,camello,0.028475220806776443,0.028475220806776443,0.027616238649246772
2026-09-02 14:00:00,2026-09-02,14:00,"leon,camello,delfin,burro,mono,gallo,paloma,iguana,cochino,gato","elefante,jirafa",False,,leon,0.02799092507516487,0.02799092507516487,0.027424795529359548
2026-09-02 15:00:00,2026-09-02,15:00,"leon,camello,iguana,paloma,mono,perro,burro,gato,vaca,rana","caballo,cochino",False,,leon,0.028182266131600797,0.028182266131600797,0.027586976842478978
2026-09-02 16:00:00,2026-09-02,16:00,"camello,iguana,perro,burro,delfin,raton,vaca,paloma,rana,caiman","gato,paloma",True,paloma,camello,0.028051375155756425,0.028051375155756425,0.027546963816969704
2026-09-02 17:00:00,2026-09-02,17:00,"gallina,raton,burro,vaca,camello,delfin,perro,gallo,iguana,caiman","alacran,rana",False,,gallina,0.02808837401746246,0.02808837401746246,0.02748940495647083
2026-09-02 18:00:00,2026-09-02,18:00,"gallina,vaca,burro,delfin,camello,mono,gallo,perro,raton,iguana","gallina,jirafa",True,gallina,gallina,0.028018874950690487,0.028018874950690487,0.027621980404007984
2026-09-02 19:00:00,2026-09-02,19:00,"delfin,mono,gallo,cebra,perro,camello,raton,caiman,leon,oso","ciempies,tigre",False,,delfin,0.028070040793373153,0.028070040793373153,0.027409800370588117
2026-09-03 08:00:00,2026-09-03,08:00,"vaca,camello,cebra,mono,raton,iguana,oso,delfin,perro,caiman","jirafa,perico",False,,vaca,0.028436833365919057,0.028436833365919057,0.02754361703814257
2026-09-03 09:00:00,2026-09-03,09:00,"oso,vaca,delfin,mono,camello,caiman,cebra,iguana,chivo,pavo","oso,perro",True,oso,oso,0.027987227509307214,0.027987227509307214,0.027434991161412587
2026-09-03 10:00:00,2026-09-03,10:00,"delfin,cebra,mono,raton,iguana,camello,chivo,gallo,caiman,burro","carnero,chivo",True,chivo,delfin,0.027951003852609523,0.027951003852609523,0.027372175006831197
2026-09-03 11:00:00,2026-09-03,11:00,"cebra,iguana,raton,mono,gallo,vaca,camello,zamuro,zorro,pavo","delfin,jirafa",False,,cebra,0.028053470816398068,0.028053470816398068,0.02740037120023578
2026-09-03 12:00:00,2026-09-03,12:00,"cebra,raton,vaca,gallo,mono,pavo,zamuro,camello,iguana,zorro","ballena,caiman",False,,cebra,0.02791254962809759,0.02791254962809759,0.02748678626817963
2026-09-03 13:00:00,2026-09-03,13:00,"raton,cebra,vaca,mono,gallo,camello,zamuro,iguana,alacran,zorro","caiman,lapa",False,,raton,0.027980998712902987,0.027980998712902987,0.027522365252535437
2026-09-03 14:00:00,2026-09-03,14:00,"zamuro,raton,vaca,gallo,cebra,zorro,pavo,leon,alacran,gallina","mono,toro",False,,zamuro,0.027839842446672727,0.027839842446672727,0.0272836938988219
2026-09-03 15:00:00,2026-09-03,15:00,"gallina,cebra,alacran,gallo,raton,pavo,iguana,zorro,zamuro,leon","culebra,gato",False,,gallina,0.02788243000695192,0.02788243000695192,0.027569051234527648
2026-09-03 16:00:00,2026-09-03,16:00,"cebra,vaca,zamuro,raton,zorro,gallo,pavo,iguana,camello,gallina","caiman,camello",True,camello,cebra,0.027936422271271702,0.027936422271271702,0.02748232044866601
2026-09-03 17:00:00,2026-09-03,17:00,"vaca,oso,gallina,alacran,pavo,zorro,zamuro,iguana,raton,burro","aguila,camello",False,,vaca,0.027951093341333895,0.027951093341333895,0.027339237534589233
2026-09-03 18:00:00,2026-09-03,18:00,"oso,pavo,zorro,alacran,zamuro,elefante,vaca,chivo,gallina,iguana","cebra,tigre",False,,oso,0.02806082177832984,0.02806082177832984,0.027431091615210745
2026-09-03 19:00:00,2026-09-03,19:00,"oso,zamuro,zorro,pavo,elefante,alacran,gallina,vaca,chivo,gallo","cochino,oso",True,oso,oso,0.028330743089288124,0.028330743089288124,0.027582501944034887
2026-09-04 08:00:00,2026-09-04,08:00,"alacran,zamuro,vaca,perico,elefante,rana,jirafa,iguana,gallina,paloma","elefante,zorro",True,elefante,alacran,0.02806888479872044,0.02806888479872044,0.027456259740985
2026-09-04 09:00:00,2026-09-04,09:00,"alacran,pavo,perico,chivo,jirafa,rana,vaca,iguana,ciempies,leon","lapa,perico",True,perico,alacran,0.028161685933432774,0.028161685933432774,0.027586222175994178
2026-09-04 10:00:00,2026-09-04,10:00,"alacran,jirafa,pavo,gallina,zamuro,chivo,ciempies,paloma,vaca,iguana","carnero,cebra",False,,alacran,0.02815230504972766,0.02815230504972766,0.027481267971065867
2026-09-04 11:00:00,2026-09-04,11:00,"jirafa,alacran,pavo,gallina,rana,zamuro,ciempies,vaca,paloma,chivo","caballo,toro",False,,jirafa,0.028269676863542714,0.028269676863542714,0.027440140530444888
2026-09-04 12:00:00,2026-09-04,12:00,"jirafa,alacran,zamuro,paloma,pavo,gallina,chivo,rana,iguana,raton","caballo,venado",False,,jirafa,0.028614098330045214,0.028614098330045214,0.02743707566389721
2026-09-04 13:00:00,2026-09-04,13:00,"gallina,chivo,alacran,rana,ciempies,zamuro,pavo,iguana,delfin,raton","caballo,gato",False,,gallina,0.02804034312998566,0.02804034312998566,0.02748136819227259
2026-09-04 14:00:00,2026-09-04,14:00,"jirafa,alacran,gallina,zamuro,ciempies,rana,delfin,pavo,chivo,paloma",perro,False,,jirafa,0.028745593587519953,0.028745593587519953,0.027386876059388658
2026-09-04 15:00:00,2026-09-04,15:00,"jirafa,alacran,gallina,chivo,paloma,ciempies,oso,pavo,iguana,delfin","perico,rana",False,,jirafa,0.028719853188808445,0.028719853188808445,0.02741245432606821
2026-09-04 16:00:00,2026-09-04,16:00,"jirafa,gallina,alacran,caiman,oso,chivo,ciempies,zamuro,delfin,iguana","carnero,zamuro",True,zamuro,jirafa,0.028550015300999352,0.028550015300999352,0.027442824715470226
2026-09-04 17:00:00,2026-09-04,17:00,"jirafa,oso,alacran,gallina,caiman,ciempies,chivo,tigre,paloma,pavo","camello,gallina",True,gallina,jirafa,0.028966885344014773,0.028966885344014773,0.027587906349165817
2026-09-04 18:00:00,2026-09-04,18:00,"jirafa,caiman,alacran,oso,ciempies,tigre,chivo,pavo,delfin,raton","gato,perico",False,,jirafa,0.029288695915478218,0.029288695915478218,0.027418492540202993
2026-09-04 19:00:00,2026-09-04,19:00,"jirafa,caiman,oso,chivo,ciempies,alacran,delfin,pavo,mono,vaca","culebra,gallina",False,,jirafa,0.02866503008136156,0.02866503008136156,0.027393528267474078
2026-09-05 08:00:00,2026-09-05,08:00,"oso,caiman,tigre,chivo,alacran,pavo,ciempies,delfin,jirafa,elefante","aguila,ardilla",False,,oso,0.028299953645393547,0.028299953645393547,0.027532688051816585
2026-09-05 09:00:00,2026-09-05,09:00,"jirafa,caiman,oso,chivo,alacran,delfin,pavo,mono,elefante,ballena","cebra,perro",False,,jirafa,0.028706855553017187,0.028706855553017187,0.027472782818589083
2026-09-05 10:00:00,2026-09-05,10:00,"caiman,jirafa,oso,chivo,alacran,delfin,tigre,lapa,elefante,ciempies","pescado,toro",False,,caiman,0.02838710336357854,0.02838710336357854,0.02754170325205696
2026-09-05 11:00:00,2026-09-05,11:00,"caiman,jirafa,delfin,tigre,chivo,lapa,alacran,mono,elefante,ballena","chivo,rana",True,chivo,caiman,0.028826305995345997,0.028826305995345997,0.027528158080613596
2026-09-05 12:00:00,2026-09-05,12:00,"caiman,jirafa,oso,tigre,lapa,alacran,delfin,elefante,zorro,mono","delfin,lapa",True,"delfin,lapa",caiman,0.028853540986457562,0.028853540986457562,0.027310568732375015
2026-09-05 13:00:00,2026-09-05,13:00,"oso,jirafa,tigre,elefante,caiman,alacran,caballo,cochino,zorro,camello","jirafa,zorro",True,"jirafa,zorro",oso,0.02835742001303055,0.02835742001303055,0.02740789235512756
2026-09-05 14:00:00,2026-09-05,14:00,"caiman,tigre,alacran,caballo,elefante,cochino,camello,gato,mono,ciempies","chivo,oso",False,,caiman,0.02849232227761007,0.02849232227761007,0.02741131538197825
2026-09-05 15:00:00,2026-09-05,15:00,"caballo,tigre,caiman,gato,alacran,camello,elefante,mono,zamuro,carnero",gato,True,gato,caballo,0.028334508057396717,0.028334508057396717,0.027334054433596173
2026-09-05 16:00:00,2026-09-05,16:00,"caiman,camello,cochino,elefante,alacran,gallo,ciempies,carnero,zamuro,perico","ballena,caiman",True,caiman,caiman,0.028029829236822807,0.028029829236822807,0.0272247545466062
2026-09-05 17:00:00,2026-09-05,17:00,"caballo,tigre,camello,perico,carnero,cochino,ciempies,alacran,cebra,zamuro","elefante,zorro",False,,caballo,0.028383238357913707,0.028383238357913707,0.027357662548668834
2026-09-05 18:00:00,2026-09-05,18:00,"caballo,tigre,perico,camello,carnero,cochino,cebra,ciempies,alacran,pavo","ardilla,gallo",False,,caballo,0.02856781517459088,0.02856781517459088,0.027397440308215927
2026-09-05 19:00:00,2026-09-05,19:00,"caballo,cebra,tigre,perico,carnero,zamuro,perro,ciempies,gallina,venado","camello,venado",True,venado,caballo,0.028540939905280848,0.028540939905280848,0.027360391105244353
2026-09-06 08:00:00,2026-09-06,08:00,"caballo,perico,carnero,tigre,zamuro,cochino,alacran,perro,ciempies,pavo","alacran,mono",True,alacran,caballo,0.02842373229836231,0.02842373229836231,0.027339725220870966
2026-09-06 09:00:00,2026-09-06,09:00,"perico,tigre,carnero,cebra,zamuro,perro,lapa,caballo,gallina,cochino","oso,zorro",False,,perico,0.028535929092906726,0.028535929092906726,0.027404613969611028
2026-09-06 10:00:00,2026-09-06,10:00,"caballo,perico,carnero,perro,zamuro,tigre,cebra,lapa,toro,culebra","culebra,toro",True,"culebra,toro",caballo,0.0288461866372657,0.0288461866372657,0.027505903297876395
2026-09-06 11:00:00,2026-09-06,11:00,"caballo,perico,perro,cebra,tigre,gallina,zamuro,lapa,rana,cochino","camello,toro",False,,caballo,0.02881762381338285,0.02881762381338285,0.027560839155970747
2026-09-06 12:00:00,2026-09-06,12:00,"perico,caballo,perro,tigre,jirafa,gallina,zamuro,rana,aguila,pavo","burro,perro",True,perro,perico,0.02866171122907157,0.02866171122907157,0.027442214885761103
2026-09-06 13:00:00,2026-09-06,13:00,"perico,caballo,tigre,gallina,jirafa,rana,carnero,cebra,gato,cochino","ardilla,cebra",True,cebra,perico,0.028537533976001873,0.028537533976001873,0.027556826224017845
2026-09-06 14:00:00,2026-09-06,14:00,"perico,jirafa,caballo,carnero,tigre,gato,gallina,rana,zamuro,cochino","burro,delfin",False,,perico,0.028776253822549523,0.028776253822549523,0.02753194903036113
2026-09-06 15:00:00,2026-09-06,15:00,"perico,gallina,caballo,gato,rana,jirafa,zamuro,tigre,lapa,aguila","lapa,pescado",True,lapa,perico,0.028507358163895498,0.028507358163895498,0.027409755409027816
2026-09-06 16:00:00,2026-09-06,16:00,"perico,gato,rana,carnero,jirafa,gallina,caballo,aguila,chivo,zamuro","caballo,raton",True,caballo,perico,0.028465118389862643,0.028465118389862643,0.02745512987486553
2026-09-06 17:00:00,2026-09-06,17:00,"gallina,carnero,jirafa,chivo,caiman,rana,gato,zamuro,cochino,tigre","gato,perro",True,gato,gallina,0.028291576296324606,0.028291576296324606,0.027260914663033094
2026-09-06 18:00:00,2026-09-06,18:00,"perico,jirafa,gallina,chivo,caiman,rana,aguila,carnero,ciempies,paloma","iguana,jirafa",True,jirafa,perico,0.028200928714602107,0.028200928714602107,0.02724842667633878
2026-09-06 19:00:00,2026-09-06,19:00,"perico,chivo,caiman,rana,carnero,aguila,zorro,oso,elefante,tigre","jirafa,rana",True,rana,perico,0.028073210933828176,0.028073210933828176,0.027311672662043412
2026-09-07 08:00:00,2026-09-07,08:00,"chivo,zorro,caiman,carnero,aguila,gallina,oso,elefante,tigre,ballena","gallina,oso",True,"gallina,oso",chivo,0.028040318209787602,0.028040318209787602,0.027262032389585075
2026-09-07 09:00:00,2026-09-07,09:00,"caiman,chivo,perico,carnero,aguila,ballena,camello,elefante,tigre,venado",camello,True,camello,caiman,0.028283168546763233,0.028283168546763233,0.02739207833805032
2026-09-07 10:00:00,2026-09-07,10:00,"chivo,zorro,caiman,carnero,perico,elefante,ballena,toro,aguila,venado",chivo,True,chivo,chivo,0.02793828467865847,0.02793828467865847,0.027155762052906682
2026-09-07 11:00:00,2026-09-07,11:00,"zorro,caiman,carnero,toro,perico,ballena,venado,elefante,mono,gallo","culebra,rana",False,,zorro,0.02806722461966289,0.02806722461966289,0.02723286577059019
2026-09-07 12:00:00,2026-09-07,12:00,"zorro,caiman,carnero,toro,venado,cebra,elefante,aguila,gato,mono","lapa,zamuro",False,,zorro,0.028345530165286292,0.028345530165286292,0.027372352973368576
2026-09-07 13:00:00,2026-09-07,13:00,"zorro,toro,gato,cebra,perico,venado,ballena,delfin,mono,carnero","cebra,lapa",True,cebra,zorro,0.02844158620260745,0.02844158620260745,0.027405115154507588
2026-09-07 14:00:00,2026-09-07,14:00,"zorro,gato,toro,elefante,perico,venado,carnero,ballena,gallo,mono","oso,zorro",True,zorro,zorro,0.02864967000718376,0.02864967000718376,0.0274847361684912
2026-09-07 15:00:00,2026-09-07,15:00,"gato,toro,caiman,elefante,venado,mono,ardilla,carnero,perico,gallo","elefante,iguana",True,elefante,gato,0.028478066464199463,0.028478066464199463,0.027583431098325412
2026-09-07 16:00:00,2026-09-07,16:00,"gato,toro,ardilla,venado,caballo,carnero,gallo,mono,perico,perro","lapa,oso",False,,gato,0.02853503248709663,0.02853503248709663,0.027615059003744256
2026-09-07 17:00:00,2026-09-07,17:00,"gato,toro,carnero,caballo,venado,perico,burro,perro,gallo,aguila","paloma,tigre",False,,gato,0.027940927153095027,0.027940927153095027,0.027425164445891916
2026-09-07 18:00:00,2026-09-07,18:00,"toro,ardilla,caballo,burro,venado,perico,perro,jirafa,gallo,camello","aguila,venado",True,venado,toro,0.02838454832931028,0.02838454832931028,0.027547613912035175
2026-09-07 19:00:00,2026-09-07,19:00,"toro,ardilla,perro,gato,caballo,camello,burro,gallo,perico,carnero","caiman,carnero",True,carnero,toro,0.02821502020430299,0.02821502020430299,0.0274561983263577
2026-09-08 08:00:00,2026-09-08,08:00,"camello,perro,ardilla,jirafa,gato,caballo,burro,perico,alacran,pescado","alacran,lapa",True,alacran,camello,0.028004089184110407,0.028004089184110407,0.027366537194833528
2026-09-08 09:00:00,2026-09-08,09:00,"toro,perro,caballo,burro,gato,jirafa,perico,camello,delfin,mono","paloma,perico",True,perico,toro,0.028157976771643972,0.028157976771643972,0.027395367861142206
2026-09-08 10:00:00,2026-09-08,10:00,"toro,perro,ardilla,gato,caballo,camello,jirafa,burro,pescado,delfin","camello,zamuro",True,camello,toro,0.028232253035397576,0.028232253035397576,0.02765815913269105
2026-09-08 11:00:00,2026-09-08,11:00,"toro,gato,caballo,jirafa,burro,delfin,ardilla,pescado,gallina,rana","leon,raton",False,,toro,0.028348480655626698,0.028348480655626698,0.02744433525874272
2026-09-08 12:00:00,2026-09-08,12:00,"perro,toro,gato,jirafa,ardilla,burro,caballo,cebra,delfin,pescado","iguana,paloma",False,,perro,0.028474580948615946,0.028474580948615946,0.027665066722971917
2026-09-08 13:00:00,2026-09-08,13:00,"perro,gato,caballo,ardilla,jirafa,toro,rana,burro,chivo,delfin","tigre,venado",False,,perro,0.028426850384665393,0.028426850384665393,0.027641732726849604
2026-09-08 14:00:00,2026-09-08,14:00,"perro,rana,ardilla,oso,caballo,chivo,delfin,zorro,gallina,burro","gallo,toro",False,,perro,0.028241918668667477,0.028241918668667477,0.0276364426803977
2026-09-08 15:00:00,2026-09-08,15:00,"gato,perro,rana,chivo,jirafa,oso,gallina,caballo,zorro,ardilla","jirafa,pavo",True,jirafa,gato,0.028550833352608555,0.028550833352608555,0.027684786688611514
2026-09-08 16:00:00,2026-09-08,16:00,"perro,rana,gato,chivo,lapa,zorro,ardilla,pescado,gallina,cebra","ardilla,zamuro",True,ardilla,perro,0.028339824449450667,0.028339824449450667,0.027607732975952523
2026-09-08 17:00:00,2026-09-08,17:00,"oso,gato,chivo,rana,zorro,gallina,cebra,camello,culebra,caballo","culebra,pavo",True,culebra,oso,0.02862373963732616,0.02862373963732616,0.027488373189639946
2026-09-08 18:00:00,2026-09-08,18:00,"lapa,chivo,zorro,rana,camello,gato,gallina,cebra,perro,oso","alacran,lapa",True,lapa,lapa,0.028589207435117007,0.028589207435117007,0.027490460494441114
2026-09-08 19:00:00,2026-09-08,19:00,"oso,chivo,zorro,rana,gallina,cebra,gato,camello,delfin,pescado","chivo,elefante",True,chivo,oso,0.02856570786960238,0.02856570786960238,0.027457403562771657
2026-09-09 08:00:00,2026-09-09,08:00,"oso,zorro,rana,camello,cebra,gato,gallina,delfin,pescado,aguila","caiman,toro",False,,oso,0.02876906680736084,0.02876906680736084,0.027402385093739268
2026-09-09 09:00:00,2026-09-09,09:00,"oso,camello,zorro,cebra,rana,gallina,delfin,burro,gato,ballena","jirafa,leon",False,,oso,0.02889291373396038,0.02889291373396038,0.02742613660212145
2026-09-09 10:00:00,2026-09-09,10:00,"oso,camello,zorro,cebra,pescado,delfin,gato,burro,perro,aguila","ciempies,delfin",True,delfin,oso,0.028544796452452073,0.028544796452452073,0.027424715891779222
2026-09-09 11:00:00,2026-09-09,11:00,"oso,zorro,cebra,rana,camello,iguana,gato,perro,pescado,burro","chivo,elefante",False,,oso,0.02864070911697138,0.02864070911697138,0.027467457079184108
2026-09-09 12:00:00,2026-09-09,12:00,"oso,zorro,rana,camello,cebra,lapa,iguana,paloma,gato,pescado","ciempies,delfin",False,,oso,0.02886786377186818,0.02886786377186818,0.02753174888079152
2026-09-09 13:00:00,2026-09-09,13:00,"oso,zorro,camello,lapa,cebra,rana,gato,iguana,paloma,burro","perro,rana",True,rana,oso,0.028666051509147333,0.028666051509147333,0.0274035158184385
2026-09-09 14:00:00,2026-09-09,14:00,"oso,zorro,lapa,camello,paloma,iguana,cebra,venado,gato,tigre","caballo,leon",False,,oso,0.028806144853455704,0.028806144853455704,0.027588064430952897
2026-09-09 15:00:00,2026-09-09,15:00,"oso,paloma,zorro,camello,iguana,lapa,venado,carnero,raton,cebra","carnero,culebra",True,carnero,oso,0.02900331838545927,0.02900331838545927,0.02736308011296463
2026-09-09 16:00:00,2026-09-09,16:00,"oso,lapa,camello,paloma,iguana,venado,tigre,zorro,gato,zamuro",iguana,True,iguana,oso,0.028445840967542036,0.028445840967542036,0.027487726742054998
2026-09-09 17:00:00,2026-09-09,17:00,"lapa,paloma,oso,camello,venado,zorro,tigre,gato,raton,ardilla","caiman,gallo",False,,lapa,0.028711851106865,0.028711851106865,0.02748108677362428
2026-09-09 18:00:00,2026-09-09,18:00,"paloma,venado,oso,tigre,zorro,pavo,alacran,zamuro,ardilla,raton",culebra,False,,paloma,0.028652379505434745,0.028652379505434745,0.027563137728602312
2026-09-09 19:00:00,2026-09-09,19:00,"camello,lapa,oso,paloma,venado,zorro,zamuro,cebra,ardilla,raton","caiman,zorro",True,zorro,camello,0.02832194448311537,0.02832194448311537,0.02745458888658877
2026-09-10 08:00:00,2026-09-10,08:00,"camello,venado,alacran,ardilla,zamuro,pavo,cebra,raton,tigre,jirafa","cebra,zamuro",True,"cebra,zamuro",camello,0.02875221349641222,0.02875221349641222,0.027590197809066092
2026-09-10 09:00:00,2026-09-10,09:00,"lapa,oso,paloma,venado,alacran,pavo,jirafa,toro,tigre,ardilla","gallina,iguana",False,,lapa,0.02889522913999469,0.02889522913999469,0.027549384502839582
2026-09-10 10:00:00,2026-09-10,10:00,"lapa,camello,paloma,oso,jirafa,pavo,toro,ardilla,raton,alacran","burro,caiman",False,,lapa,0.02852489293255573,0.02852489293255573,0.027576915225924436
2026-09-10 11:00:00,2026-09-10,11:00,"camello,oso,toro,jirafa,venado,paloma,raton,tigre,ardilla,alacran","chivo,paloma",True,paloma,camello,0.028170925945547508,0.028170925945547508,0.027276102086445136
2026-09-10 12:00:00,2026-09-10,12:00,"lapa,toro,jirafa,pavo,camello,oso,venado,ardilla,raton,tigre",jirafa,True,jirafa,lapa,0.02860956132227536,0.02860956132227536,0.027598962624761754
2026-09-10 13:00:00,2026-09-10,13:00,"lapa,toro,camello,pavo,ardilla,oso,elefante,tigre,rana,raton","cochino,oso",True,oso,lapa,0.028555967853612148,0.028555967853612148,0.027325726915845942
2026-09-10 14:00:00,2026-09-10,14:00,"lapa,venado,elefante,tigre,ardilla,toro,camello,alacran,delfin,rana","cebra,perro",False,,lapa,0.028743791394373278,0.028743791394373278,0.027558207052285035
2026-09-10 15:00:00,2026-09-10,15:00,"lapa,pavo,elefante,toro,alacran,rana,ardilla,leon,delfin,tigre","mono,pescado",False,,lapa,0.028683343098464525,0.028683343098464525,0.02748223086409147
2026-09-10 16:00:00,2026-09-10,16:00,"lapa,elefante,delfin,pavo,camello,rana,toro,leon,culebra,alacran","gallina,zamuro",False,,lapa,0.028805335641497544,0.028805335641497544,0.027508525970264992
2026-09-10 17:00:00,2026-09-10,17:00,"lapa,camello,pavo,alacran,rana,culebra,ciempies,ardilla,delfin,raton","ciempies,delfin",True,"ciempies,delfin",lapa,0.029046227651998838,0.029046227651998838,0.02761319746117046
2026-09-10 18:00:00,2026-09-10,18:00,"lapa,elefante,camello,culebra,pavo,leon,rana,iguana,tigre,venado",cebra,False,,lapa,0.028741500315994623,0.028741500315994623,0.027531466402978568
2026-09-10 19:00:00,2026-09-10,19:00,"lapa,elefante,culebra,leon,rana,caiman,chivo,venado,carnero,raton","delfin,vaca",False,,lapa,0.02841689520334056,0.02841689520334056,0.027348791002218795
2026-09-11 08:00:00,2026-09-11,08:00,"elefante,iguana,lapa,culebra,caiman,chivo,rana,camello,leon,alacran","alacran,caballo",True,alacran,elefante,0.028374729655030292,0.028374729655030292,0.027800709812080045
2026-09-11 09:00:00,2026-09-11,09:00,"caiman,lapa,iguana,culebra,chivo,elefante,camello,rana,toro,venado",lapa,True,lapa,caiman,0.028479231018650235,0.028479231018650235,0.027441882314578406
2026-09-11 10:00:00,2026-09-11,10:00,"culebra,iguana,leon,elefante,camello,chivo,rana,carnero,pavo,zorro","caiman,carnero",True,carnero,culebra,0.02824616384562802,0.02824616384562802,0.027314562723671176
2026-09-11 11:00:00,2026-09-11,11:00,"iguana,culebra,chivo,rana,leon,camello,gallo,venado,zorro,pavo","elefante,zamuro",False,,iguana,0.028597627858672946,0.028597627858672946,0.027467347095535652
2026-09-11 12:00:00,2026-09-11,12:00,"iguana,culebra,chivo,leon,rana,venado,gallo,zorro,paloma,pavo","burro,venado",True,venado,iguana,0.028630246742617525,0.028630246742617525,0.027579761585125488
2026-09-11 13:00:00,2026-09-11,13:00,"iguana,culebra,rana,leon,zorro,toro,paloma,gallo,ardilla,tigre","iguana,leon",True,"iguana,leon",iguana,0.0287739524384163,0.0287739524384163,0.027408840052015635
