pattern,description,samples,hits,hit_rate
TOP_10_GLOBAL,Al menos uno de los Top 10 coincide con el resultado del turno,1081,550,0.5087881591119334
HORA,Hora 08:00,90,43,0.4777777777777778
HORA,Hora 09:00,90,50,0.5555555555555556
HORA,Hora 10:00,90,44,0.4888888888888889
HORA,Hora 11:00,90,47,0.5222222222222223
HORA,Hora 12:00,90,48,0.5333333333333333
HORA,Hora 13:00,90,44,0.4888888888888889
HORA,Hora 14:00,90,42,0.4666666666666667
HORA,Hora 15:00,90,47,0.5222222222222223
HORA,Hora 16:00,90,44,0.4888888888888889
HORA,Hora 17:00,91,48,0.5274725274725275
HORA,Hora 18:00,90,43,0.4777777777777778
HORA,Hora 19:00,90,50,0.5555555555555556
