animal,probability,score,historical,recent,hour,anti_repetition,step,pair,trend,cross_lottery,rank,datetime,date,time
caballo,0.02827670370754752,0.8834507218422523,0.9274255156608098,0.4285714285714285,1.0,0.978066500840522,1.0,1.0,0.397029702970297,0.0,1,2026-09-30 16:00:00,2026-09-30,16:00
chivo,0.027947687764371815,0.8717469153538033,0.9618029029793735,0.5714285714285714,0.8527131782945737,0.9650422850593364,1.0,1.0,0.1912559618441971,0.0,2,2026-09-30 16:00:00,2026-09-30,16:00
toro,0.027820990150175973,0.8672032239159686,0.9258976317799849,0.4285714285714285,0.875968992248062,0.9749531770168681,1.0,1.0,0.19867877786952928,0.0,3,2026-09-30 16:00:00,2026-09-30,16:00
elefante,0.02776400908702108,0.8651529915188607,0.9755538579067992,0.4285714285714285,0.8062015503875969,0.995639260649522,1.0,1.0,0.0,0.0,4,2026-09-30 16:00:00,2026-09-30,16:00
gato,0.027739966232987006,0.8642866443644723,0.8739495798319329,0.4285714285714285,0.7984496124031009,0.9789320394704362,1.0,1.0,0.21049868766404198,0.0,5,2026-09-30 16:00:00,2026-09-30,16:00
delfin,0.027678164704307454,0.8620562712626035,0.9724980901451491,0.2857142857142857,0.9147286821705426,0.9986293886359972,1.0,1.0,0.0,0.0,6,2026-09-30 16:00:00,2026-09-30,16:00
caiman,0.027673184352081985,0.8618763171215099,0.957983193277311,0.2857142857142857,0.9689922480620156,0.9944153388692375,1.0,1.0,0.0,0.0,7,2026-09-30 16:00:00,2026-09-30,16:00
gallo,0.027666698544877015,0.8616419180987746,0.9564553093964859,0.14285714285714285,0.9612403100775194,0.9922532328427364,1.0,1.0,0.192326139088729,0.0,8,2026-09-30 16:00:00,2026-09-30,16:00
zamuro,0.02758486226275892,0.8586796002649665,0.9159663865546218,0.2857142857142857,0.875968992248062,0.9996650665952429,1.0,1.0,0.0,0.0,9,2026-09-30 16:00:00,2026-09-30,16:00
ciempies,0.027470162422878135,0.854512859572918,0.9358288770053477,0.2857142857142857,0.751937984496124,0.9996650665952429,1.0,1.0,0.0,0.0,10,2026-09-30 16:00:00,2026-09-30,16:00
zorro,0.02738865792454501,0.8515414300822162,1.0,0.14285714285714285,0.8372093023255816,0.9987657843280103,1.0,1.0,0.0,0.0,11,2026-09-30 16:00:00,2026-09-30,16:00
venado,0.0273881994454174,0.8515246901979062,0.9747899159663865,0.14285714285714285,0.868217054263566,0.9981737686125706,1.0,1.0,0.0,0.0,12,2026-09-30 16:00:00,2026-09-30,16:00
oso,0.02738075403421137,0.851252805826237,0.9763177998472117,0.4285714285714285,0.7364341085271318,0.9242205819141354,1.0,1.0,0.377115987460815,0.0,13,2026-09-30 16:00:00,2026-09-30,16:00
alacran,0.027294496857225136,0.8480975482959265,0.9083269671504965,0.14285714285714285,0.6589147286821706,0.992167117297449,1.0,1.0,0.20252525252525252,0.0,14,2026-09-30 16:00:00,2026-09-30,16:00
carnero,0.027246695266183167,0.8463446858658896,0.9938884644766998,0.0,0.9147286821705426,1.0,1.0,1.0,0.0,0.0,15,2026-09-30 16:00:00,2026-09-30,16:00
ardilla,0.027221955294778482,0.8454362744089798,0.9793735676088619,0.4285714285714285,0.868217054263566,0.9200649121838596,1.0,1.0,0.1878220140515222,0.0,16,2026-09-30 16:00:00,2026-09-30,16:00
burro,0.027149640598821734,0.842776255426347,0.8831168831168831,0.14285714285714285,0.751937984496124,0.9971491241676148,1.0,1.0,0.0,0.0,17,2026-09-30 16:00:00,2026-09-30,16:00
culebra,0.027079042145861633,0.8401725228895559,0.8319327731092437,0.5714285714285714,0.868217054263566,0.8708250020988438,1.0,1.0,0.442686292548298,0.0,18,2026-09-30 16:00:00,2026-09-30,16:00
mono,0.026980751616524502,0.836536155422877,0.917494270435447,0.14285714285714285,0.7906976744186047,0.9514572596602058,1.0,1.0,0.20049999999999996,0.0,19,2026-09-30 16:00:00,2026-09-30,16:00
gallina,0.026774827627324495,0.8288746252378885,0.9029793735676089,0.5714285714285714,0.682170542635659,0.8590311518942115,1.0,1.0,0.4077966101694915,0.0,20,2026-09-30 16:00:00,2026-09-30,16:00
jirafa,0.02669636787541889,0.8259399682706283,0.9533995416348359,0.4285714285714285,0.7286821705426357,0.8657919588975727,1.0,1.0,0.38619582664526475,0.0,21,2026-09-30 16:00:00,2026-09-30,16:00
camello,0.026600728485047846,0.8223510488150596,0.9587471352177236,0.4285714285714285,0.8294573643410853,0.8473968278937829,1.0,1.0,0.3840383080606544,0.0,22,2026-09-30 16:00:00,2026-09-30,16:00
leon,0.026591738376615347,0.8220130269466067,0.891520244461421,0.4285714285714285,0.7751937984496124,0.9793163222157883,0.7,1.0,0.20634648370497424,0.0,23,2026-09-30 16:00:00,2026-09-30,16:00
pescado,0.02641321812076819,0.8152770179898756,0.9029793735676089,0.5714285714285714,0.9069767441860466,0.8052457821084301,1.0,1.0,0.4077966101694915,0.0,24,2026-09-30 16:00:00,2026-09-30,16:00
tigre,0.02637052765095626,0.8136594564282208,0.9106187929717342,1.0,0.8449612403100776,0.7216262311471657,1.0,1.0,0.6070647603027753,0.0,25,2026-09-30 16:00:00,2026-09-30,16:00
perro,0.026174896257378188,0.806213240071279,0.8074866310160429,0.2857142857142857,0.8372093023255816,0.8616440479528844,1.0,1.0,0.22784090909090907,0.0,26,2026-09-30 16:00:00,2026-09-30,16:00
aguila,0.026146048065172046,0.8051105002219496,0.9129106187929719,0.2857142857142857,0.930232558139535,0.8432536645651668,1.0,1.0,0.20150753768844218,0.0,27,2026-09-30 16:00:00,2026-09-30,16:00
lapa,0.02603894762683686,0.8010058495542496,0.9778456837280367,0.7142857142857143,0.7751937984496124,0.7150369730093316,1.0,1.0,0.75423197492163,0.0,28,2026-09-30 16:00:00,2026-09-30,16:00
raton,0.025783432637790794,0.7911445865880551,0.9159663865546218,0.14285714285714285,0.8062015503875969,0.9992534298546137,0.6,1.0,0.0,0.0,29,2026-09-30 16:00:00,2026-09-30,16:00
iguana,0.025312096728847544,0.7726948597864767,0.9816653934300993,0.2857142857142857,0.8837209302325582,0.743294349666697,1.0,1.0,0.3750584567420109,0.0,30,2026-09-30 16:00:00,2026-09-30,16:00
vaca,0.025271103651090872,0.7710740415534265,0.9228418640183347,0.7142857142857143,0.8062015503875969,0.6167980050477295,1.0,1.0,1.0,0.0,31,2026-09-30 16:00:00,2026-09-30,16:00
pavo,0.025021103965522012,0.7611320741340624,0.9335370511841101,0.14285714285714285,0.6666666666666666,0.7826188499905309,1.0,1.0,0.19705159705159703,0.0,32,2026-09-30 16:00:00,2026-09-30,16:00
cochino,0.02482792271028409,0.7533813822869222,0.9152024446142093,0.14285714285714285,0.8992248062015504,0.7432922342132857,1.0,1.0,0.20100250626566413,0.0,33,2026-09-30 16:00:00,2026-09-30,16:00
paloma,0.024816833290765873,0.7529346313872936,0.8808250572956456,0.5714285714285714,0.7441860465116279,0.648252057746753,1.0,1.0,0.6276521739130433,0.0,34,2026-09-30 16:00:00,2026-09-30,16:00
cebra,0.02441514221134951,0.736615968996345,0.9862490450725746,0.5714285714285714,0.875968992248062,0.6393236948153724,1.0,1.0,0.18651162790697673,0.0,35,2026-09-30 16:00:00,2026-09-30,16:00
ballena,0.02253291762828498,0.6563896925082223,0.8892284186401833,0.2857142857142857,0.7209302325581396,0.48603526060744257,1.0,1.0,0.4141135972461273,0.0,36,2026-09-30 16:00:00,2026-09-30,16:00
rana,0.020847392588137167,0.5786413314463349,0.9625668449197862,0.4285714285714285,0.9612403100775194,0.5755227547391838,0.105,1.0,0.1911040508339952,0.0,37,2026-09-30 16:00:00,2026-09-30,16:00
perico,0.020612132089833774,0.5672922855867315,0.9167303284950344,0.5714285714285714,0.7441860465116279,0.5090941437164312,0.09,1.0,0.6030075187969923,0.0,38,2026-09-30 16:00:00,2026-09-30,16:00
